Organism,Seq,Positions,,,,
Pseudomonas,1,224-280,352-480,,,
Pseudomonas,2,0-72,320-536,,,
Pseudomonas,3,384-432,,,,
Pseudomonas,4,0-8,96-160,344-544,,
Pseudomonas,5,,,,,
Pseudomonas,6,120-136,344-392,456-496,,
Pseudomonas,7,72-88,376-416,520-560,,
Pseudomonas,8,112-152,320-376,,,
Pseudomonas,9,312-416,528-552,,,
Pseudomonas,10,0-64,344-488,,,
Pseudomonas,11,,,,,
Pseudomonas,12,0-40,,,,
Pseudomonas,13,344-456,,,,
Pseudomonas,14,112-232,,,,
Pseudomonas,15,160-200,288-312,480-552,,
Pseudomonas,16,400-560,,,,
Pseudomonas,17,0-32,280-296,464-488,,
Pseudomonas,18,344-424,,,,
Pseudomonas,19,304-440,,,,
Pseudomonas,20,352-424,528-560,,,
Pseudomonas,21,288-400,480-536,,,
Pseudomonas,22,472-560,,,,
Pseudomonas,23,192-288,,,,
Pseudomonas,24,256-504,,,,
Pseudomonas,25,184-440,512-544,,,
Pseudomonas,26,112-272,368-504,,,
Pseudomonas,27,184-288,360-464,,,
Pseudomonas,28,408-472,,,,
Pseudomonas,29,392-424,,,,
Pseudomonas,30,376-560,,,,
Pseudomonas,31,336-424,536-544,,,
Pseudomonas,32,400-472,,,,
Pseudomonas,33,312-384,,,,
Pseudomonas,34,248-424,,,,
Pseudomonas,35,408-488,,,,
Pseudomonas,36,8-192,400-496,,,
Pseudomonas,37,336-432,,,,
Pseudomonas,38,32-80,336-496,,,
Pseudomonas,39,,,,,
Pseudomonas,40,,,,,
Pseudomonas,41,80-224,408-440,,,
Pseudomonas,42,344-384,,,,
Pseudomonas,43,344-408,,,,
Pseudomonas,44,280-424,,,,
Pseudomonas,45,,,,,
Pseudomonas,46,320-360,,,,
Pseudomonas,47,0-32,104-168,320-352,432-456,
Pseudomonas,48,384-456,,,,
Pseudomonas,49,,,,,
Pseudomonas,50,224-288,408-560,,,
Pseudomonas,51,32-240,416-472,,,
Pseudomonas,52,0-72,160-448,,,
Pseudomonas,53,272-488,,,,
Pseudomonas,54,328-480,,,,
Pseudomonas,55,144-200,288-456,,,
Pseudomonas,56,0-88,472-512,,,
Pseudomonas,57,80-384,,,,
Pseudomonas,58,8-24,160-480,,,
Pseudomonas,59,336-448,,,,
Pseudomonas,60,304-504,,,,
Pseudomonas,61,40-96,216-312,,,
Pseudomonas,62,0-24,,,,
Pseudomonas,63,176-200,344-416,,,
Pseudomonas,64,328-408,480-552,,,
Pseudomonas,65,144-216,432-456,,,
Pseudomonas,66,360-376,,,,
Pseudomonas,67,352-536,,,,
Pseudomonas,68,360-528,,,,
Pseudomonas,69,312-464,,,,
Pseudomonas,70,312-432,,,,
Pseudomonas,71,248-304,392-480,,,
Pseudomonas,72,360-440,,,,
Pseudomonas,73,208-536,,,,
Pseudomonas,74,168-280,400-472,,,
Pseudomonas,75,,,,,
Pseudomonas,76,264-440,,,,
Pseudomonas,77,40-112,384-416,,,
Pseudomonas,78,128-168,432-456,,,
Pseudomonas,79,72-120,464-504,,,
Pseudomonas,80,360-440,,,,
Pseudomonas,81,208-304,464-560,,,
Pseudomonas,82,392-440,,,,
Pseudomonas,83,368-472,,,,
Pseudomonas,84,144-192,448-560,,,
Pseudomonas,85,168-344,400-416,440-448,504-552,
Pseudomonas,86,32-96,160-432,,,
Pseudomonas,87,376-432,,,,
Pseudomonas,88,184-280,424-488,,,
Pseudomonas,89,128-184,432-496,,,
Pseudomonas,90,0-24,368-496,,,
Pseudomonas,91,112-168,400-480,,,
Pseudomonas,92,,,,,
Pseudomonas,93,152-192,376-400,528-560,,
Pseudomonas,94,472-560,,,,
Pseudomonas,95,56-88,296-336,,,
Pseudomonas,96,384-560,,,,
Pseudomonas,97,,,,,
Pseudomonas,98,24-112,184-464,,,
Pseudomonas,99,312-464,,,,
Pseudomonas,100,168-352,,,,
Pseudomonas,101,400-552,,,,
Pseudomonas,102,240-296,344-440,,,
Pseudomonas,103,136-352,,,,
Pseudomonas,104,320-400,496-560,,,
Pseudomonas,105,40-144,368-376,400-408,,
Pseudomonas,106,0-8,216-296,,,
Pseudomonas,107,352-440,,,,
Pseudomonas,108,288-328,448-496,,,
Pseudomonas,109,,,,,
Pseudomonas,110,272-320,,,,
Pseudomonas,111,0-48,320-376,,,
Pseudomonas,112,0-56,376-440,,,
Pseudomonas,113,304-488,,,,
Pseudomonas,114,224-432,,,,
Pseudomonas,115,320-384,448-472,,,
Pseudomonas,116,400-432,,,,
Pseudomonas,117,,,,,
Pseudomonas,118,,,,,
Pseudomonas,119,72-160,408-456,,,
Pseudomonas,120,,,,,
Pseudomonas,121,0-200,312-344,432-480,,
Pseudomonas,122,448-496,,,,
Pseudomonas,123,288-496,,,,
Pseudomonas,124,288-352,384-496,,,
Pseudomonas,125,280-456,536-544,,,
Pseudomonas,126,,,,,
Pseudomonas,127,192-200,224-240,368-432,,
Pseudomonas,128,0-8,40-72,,,
Pseudomonas,129,280-400,,,,
Pseudomonas,130,0-96,304-504,,,
Pseudomonas,131,208-312,456-552,,,
Pseudomonas,132,136-400,,,,
Pseudomonas,133,216-288,400-432,520-560,,
Pseudomonas,134,112-280,408-464,,,
Pseudomonas,135,368-496,,,,
Pseudomonas,136,272-424,,,,
Pseudomonas,137,432-496,,,,
Pseudomonas,138,0-456,,,,
Pseudomonas,139,0-80,272-544,,,
Pseudomonas,140,472-560,,,,
Pseudomonas,141,424-432,,,,
Pseudomonas,142,456-560,,,,
Pseudomonas,143,376-472,,,,
Pseudomonas,144,384-464,,,,
Pseudomonas,145,352-384,440-512,,,
Pseudomonas,146,0-24,400-560,,,
Pseudomonas,147,0-72,152-280,,,
Pseudomonas,148,104-152,208-216,432-520,,
Pseudomonas,149,176-304,,,,
Pseudomonas,150,352-440,,,,
Pseudomonas,151,0-24,472-560,,,
Pseudomonas,152,280-296,,,,
Pseudomonas,153,344-440,,,,
Pseudomonas,154,368-424,,,,
Pseudomonas,155,488-560,,,,
Pseudomonas,156,120-208,280-472,,,
Pseudomonas,157,160-216,368-464,,,
Pseudomonas,158,392-504,,,,
Pseudomonas,159,88-128,400-464,,,
Pseudomonas,160,360-448,,,,
Pseudomonas,161,128-208,344-360,,,
Pseudomonas,162,256-312,440-528,,,
Pseudomonas,163,,,,,
Pseudomonas,164,344-392,,,,
Pseudomonas,165,192-432,,,,
Pseudomonas,166,216-248,384-416,536-552,,
Pseudomonas,167,,,,,
Pseudomonas,168,296-328,432-512,,,
Pseudomonas,169,248-384,472-512,,,
Pseudomonas,170,208-320,440-504,,,
Pseudomonas,171,224-472,,,,
Pseudomonas,172,24-240,320-384,,,
Pseudomonas,173,216-248,400-560,,,
Pseudomonas,174,352-448,,,,
Pseudomonas,175,424-552,,,,
Pseudomonas,176,384-560,,,,
Pseudomonas,177,424-496,,,,
Pseudomonas,178,80-168,392-400,528-560,,
Pseudomonas,179,240-304,344-464,536-560,,
Pseudomonas,180,112-456,,,,
Pseudomonas,181,,,,,
Pseudomonas,182,168-200,344-432,,,
Pseudomonas,183,72-96,240-288,336-424,536-560,
Pseudomonas,184,352-552,,,,
Pseudomonas,185,56-112,,,,
Pseudomonas,186,280-560,,,,
Pseudomonas,187,80-120,256-320,384-488,,
Pseudomonas,188,392-440,,,,
Pseudomonas,189,160-184,,,,
Pseudomonas,190,272-560,,,,
Pseudomonas,191,392-424,,,,
Pseudomonas,192,416-448,,,,
Pseudomonas,193,440-520,,,,
Pseudomonas,194,320-384,,,,
Pseudomonas,195,400-432,,,,
Pseudomonas,196,136-208,400-560,,,
Pseudomonas,197,128-160,296-536,,,
Pseudomonas,198,344-560,,,,
Pseudomonas,199,160-416,,,,
Pseudomonas,200,168-240,,,,
Pseudomonas,201,368-464,,,,
Pseudomonas,202,0-72,,,,
Pseudomonas,203,448-512,,,,
Pseudomonas,204,,,,,
Pseudomonas,205,136-160,184-512,,,
Pseudomonas,206,496-560,,,,
Pseudomonas,207,320-472,,,,
Pseudomonas,208,16-192,392-424,,,
Pseudomonas,209,232-512,,,,
Pseudomonas,210,120-200,328-480,,,
Pseudomonas,211,0-56,208-560,,,
Pseudomonas,212,392-512,,,,
Pseudomonas,213,48-72,264-288,432-520,,
Pseudomonas,214,472-496,,,,
Pseudomonas,215,,,,,
Pseudomonas,216,,,,,
Pseudomonas,217,328-456,,,,
Pseudomonas,218,0-32,240-280,400-472,,
Pseudomonas,219,328-536,,,,
Pseudomonas,220,320-512,,,,
Pseudomonas,221,336-552,,,,
Pseudomonas,222,376-496,,,,
Pseudomonas,223,368-464,,,,
Pseudomonas,224,368-416,464-560,,,
Pseudomonas,225,112-264,392-520,,,
Pseudomonas,226,368-440,504-536,,,
Pseudomonas,227,296-320,400-432,,,
Pseudomonas,228,192-224,320-528,,,
Pseudomonas,229,,,,,
Pseudomonas,230,0-16,96-200,392-512,,
Pseudomonas,231,160-216,376-512,,,
Pseudomonas,232,224-272,376-504,,,
Pseudomonas,233,0-24,352-520,,,
Pseudomonas,234,304-400,424-520,,,
Pseudomonas,235,368-408,,,,
Pseudomonas,236,160-448,,,,
Pseudomonas,237,176-448,,,,
Pseudomonas,238,72-136,472-544,,,
Pseudomonas,239,0-56,136-256,400-464,,
Pseudomonas,240,96-120,280-560,,,
Pseudomonas,241,384-488,,,,
Pseudomonas,242,328-408,504-560,,,
Pseudomonas,243,360-464,,,,
Pseudomonas,244,128-152,280-328,400-488,,
Pseudomonas,245,336-384,,,,
Pseudomonas,246,448-536,,,,
Pseudomonas,247,432-496,,,,
Pseudomonas,248,248-272,376-560,,,
Pseudomonas,249,248-320,392-496,,,
Pseudomonas,250,80-112,224-256,376-408,,
Pseudomonas,251,320-496,,,,
Pseudomonas,252,328-448,,,,
Pseudomonas,253,192-224,376-440,,,
Pseudomonas,254,344-432,,,,
Pseudomonas,255,32-184,272-384,448-480,,
Pseudomonas,256,400-472,,,,
Pseudomonas,257,424-488,,,,
Pseudomonas,258,368-448,,,,
Pseudomonas,259,392-464,,,,
Pseudomonas,260,304-312,360-408,472-560,,
Pseudomonas,261,0-32,160-184,392-472,,
Pseudomonas,262,424-480,,,,
Pseudomonas,263,376-448,512-560,,,
Pseudomonas,264,0-16,96-160,360-496,,
Pseudomonas,265,48-128,400-472,,,
Pseudomonas,266,344-400,,,,
Pseudomonas,267,272-464,,,,
Pseudomonas,268,400-512,,,,
Pseudomonas,269,80-152,416-448,,,
Pseudomonas,270,376-384,,,,
Pseudomonas,271,48-136,296-456,,,
Pseudomonas,272,392-432,,,,
Pseudomonas,273,40-176,232-496,,,
Pseudomonas,274,176-464,,,,
Pseudomonas,275,0-24,320-344,424-480,,
Pseudomonas,276,184-240,328-384,448-504,,
Pseudomonas,277,488-520,,,,
Pseudomonas,278,,,,,
Pseudomonas,279,400-432,,,,
Pseudomonas,280,32-176,,,,
Pseudomonas,281,64-248,296-312,,,
Pseudomonas,282,360-416,,,,
Pseudomonas,283,184-328,472-504,,,
Pseudomonas,284,384-504,,,,
Pseudomonas,285,272-320,,,,
Pseudomonas,286,344-448,,,,
Pseudomonas,287,320-520,,,,
Pseudomonas,288,8-120,248-432,,,
Pseudomonas,289,112-288,432-464,,,
Pseudomonas,290,8-64,312-488,,,
Pseudomonas,291,416-464,,,,
Pseudomonas,292,208-464,,,,
Pseudomonas,293,416-456,,,,
Pseudomonas,294,376-400,,,,
Pseudomonas,295,240-456,,,,
Pseudomonas,296,72-104,200-248,376-552,,
Pseudomonas,297,0-40,136-264,448-472,520-528,
Pseudomonas,298,104-160,408-480,,,
Pseudomonas,299,,,,,
Pseudomonas,300,200-312,408-464,,,
Pseudomonas,301,376-416,,,,
Pseudomonas,302,344-376,,,,
Pseudomonas,303,344-432,,,,
Pseudomonas,304,160-192,408-560,,,
Pseudomonas,305,312-448,,,,
Pseudomonas,306,328-424,,,,
Pseudomonas,307,40-72,264-320,,,
Pseudomonas,308,,,,,
Pseudomonas,309,160-192,400-552,,,
Pseudomonas,310,0-64,232-456,,,
Pseudomonas,311,0-192,400-552,,,
Pseudomonas,312,88-144,288-448,,,
Pseudomonas,313,336-416,,,,
Pseudomonas,314,296-344,416-560,,,
Pseudomonas,315,0-384,464-488,,,
Pseudomonas,316,456-560,,,,
Pseudomonas,317,0-16,,,,
Pseudomonas,318,360-384,400-408,496-552,,
Pseudomonas,319,280-304,376-512,,,
Pseudomonas,320,0-48,168-288,,,
Pseudomonas,321,408-560,,,,
Pseudomonas,322,0-64,168-192,304-456,,
Pseudomonas,323,320-536,,,,
Pseudomonas,324,376-464,,,,
Pseudomonas,325,184-496,,,,
Pseudomonas,326,0-152,368-440,,,
Pseudomonas,327,184-504,,,,
Pseudomonas,328,304-392,,,,
Pseudomonas,329,160-528,,,,
Pseudomonas,330,272-296,,,,
Pseudomonas,331,224-352,400-560,,,
Pseudomonas,332,0-48,160-184,,,
Pseudomonas,333,272-448,,,,
Pseudomonas,334,8-56,280-488,,,
Pseudomonas,335,0-240,488-560,,,
Pseudomonas,336,0-40,104-472,,,
Pseudomonas,337,176-248,384-552,,,
Pseudomonas,338,0-16,80-128,200-264,480-536,
Pseudomonas,339,304-344,,,,
Pseudomonas,340,360-432,472-480,,,
Pseudomonas,341,8-120,304-464,,,
Pseudomonas,342,136-184,368-504,,,
Pseudomonas,343,0-48,304-360,392-416,,
Pseudomonas,344,192-304,424-544,,,
Pseudomonas,345,16-104,,,,
Pseudomonas,346,24-112,224-280,488-560,,
Pseudomonas,347,32-88,256-344,368-480,,
Pseudomonas,348,24-480,,,,
Pseudomonas,349,112-144,440-496,,,
Pseudomonas,350,368-472,,,,
Pseudomonas,351,72-112,264-472,,,
Pseudomonas,352,344-480,,,,
Pseudomonas,353,0-32,136-160,264-328,408-552,
Pseudomonas,354,0-48,448-560,,,
Pseudomonas,355,64-184,376-440,512-560,,
Pseudomonas,356,416-424,472-552,,,
Pseudomonas,357,232-504,,,,
Pseudomonas,358,200-208,312-552,,,
Pseudomonas,359,192-296,,,,
Pseudomonas,360,8-24,216-280,360-560,,
Pseudomonas,361,136-408,,,,
Pseudomonas,362,120-200,232-488,,,
Pseudomonas,363,0-208,344-392,,,
Pseudomonas,364,376-432,,,,
Pseudomonas,365,296-320,408-464,,,
Pseudomonas,366,392-488,,,,
Pseudomonas,367,288-544,,,,
Pseudomonas,368,384-456,,,,
Pseudomonas,369,384-528,,,,
Pseudomonas,370,336-456,,,,
Pseudomonas,371,512-560,,,,
Pseudomonas,372,312-432,,,,
Pseudomonas,373,16-176,272-392,,,
Pseudomonas,374,424-560,,,,
Pseudomonas,375,192-224,408-536,,,
Pseudomonas,376,208-280,,,,
Pseudomonas,377,272-536,,,,
Pseudomonas,378,360-472,,,,
Pseudomonas,379,384-432,,,,
Pseudomonas,380,336-344,,,,
Pseudomonas,381,128-176,312-560,,,
Pseudomonas,382,136-192,432-504,,,
Pseudomonas,383,232-552,,,,
Pseudomonas,384,352-424,,,,
Pseudomonas,385,368-416,,,,
Pseudomonas,386,0-128,240-304,,,
Pseudomonas,387,168-216,416-448,,,
Pseudomonas,388,144-184,352-400,,,
Pseudomonas,389,176-184,432-512,,,
Pseudomonas,390,88-168,384-480,,,
Pseudomonas,391,208-272,,,,
Pseudomonas,392,,,,,
Pseudomonas,393,184-216,376-544,,,
Pseudomonas,394,384-448,,,,
Pseudomonas,395,368-376,,,,
Pseudomonas,396,0-16,176-264,408-464,,
Pseudomonas,397,248-288,400-424,,,
Pseudomonas,398,200-408,,,,
Pseudomonas,399,344-448,512-536,,,
Pseudomonas,400,104-192,312-528,,,
Pseudomonas,401,56-136,248-328,496-536,,
Pseudomonas,402,64-136,360-440,,,
Pseudomonas,403,352-464,,,,
Pseudomonas,404,88-96,480-560,,,
Pseudomonas,405,344-392,,,,
Pseudomonas,406,0-8,216-488,,,
Pseudomonas,407,376-528,,,,
Pseudomonas,408,112-144,240-560,,,
Pseudomonas,409,352-512,,,,
Pseudomonas,410,144-176,256-288,528-536,,
Pseudomonas,411,192-384,496-528,,,
Pseudomonas,412,296-504,,,,
Pseudomonas,413,64-112,,,,
Pseudomonas,414,0-176,344-408,,,
Pseudomonas,415,144-176,352-408,,,
Pseudomonas,416,360-448,,,,
Pseudomonas,417,384-440,,,,
Pseudomonas,418,384-528,,,,
Pseudomonas,419,216-408,,,,
Pseudomonas,420,,,,,
Pseudomonas,421,296-376,496-552,,,
Pseudomonas,422,400-440,,,,
Pseudomonas,423,32-136,,,,
Pseudomonas,424,320-448,,,,
Pseudomonas,425,312-496,,,,
Pseudomonas,426,288-408,520-544,,,
Pseudomonas,427,536-560,,,,
Pseudomonas,428,48-72,360-400,472-560,,
Pseudomonas,429,328-416,,,,
Pseudomonas,430,0-80,384-440,,,
Pseudomonas,431,88-168,320-336,,,
Pseudomonas,432,384-496,,,,
Pseudomonas,433,288-448,,,,
Pseudomonas,434,312-448,,,,
Pseudomonas,435,32-40,264-384,,,
Pseudomonas,436,368-560,,,,
Pseudomonas,437,32-80,176-312,376-472,,
Pseudomonas,438,360-448,,,,
Pseudomonas,439,72-112,368-560,,,
Pseudomonas,440,336-416,,,,
Pseudomonas,441,304-496,,,,
Pseudomonas,442,488-544,,,,
Pseudomonas,443,0-8,72-168,368-376,,
Pseudomonas,444,112-168,256-288,392-560,,
Pseudomonas,445,0-144,448-480,,,
Pseudomonas,446,280-464,,,,
Pseudomonas,447,192-264,512-560,,,
Pseudomonas,448,224-256,504-560,,,
Pseudomonas,449,344-504,,,,
Pseudomonas,450,40-320,,,,
Pseudomonas,451,184-240,464-520,,,
Pseudomonas,452,256-312,400-448,,,
Pseudomonas,453,320-368,,,,
Pseudomonas,454,416-424,,,,
Pseudomonas,455,312-552,,,,
Pseudomonas,456,312-352,496-560,,,
Pseudomonas,457,0-64,472-560,,,
Pseudomonas,458,0-56,,,,
Pseudomonas,459,0-136,288-360,,,
Pseudomonas,460,0-144,336-552,,,
Pseudomonas,461,248-296,344-448,,,
Pseudomonas,462,0-432,,,,
Pseudomonas,463,72-192,,,,
Pseudomonas,464,392-456,,,,
Pseudomonas,465,312-560,,,,
Pseudomonas,466,104-176,432-488,,,
Pseudomonas,467,184-440,,,,
Pseudomonas,468,264-416,,,,
Pseudomonas,469,264-480,,,,
Pseudomonas,470,72-112,376-424,,,
Pseudomonas,471,,,,,
Pseudomonas,472,240-472,,,,
Pseudomonas,473,408-464,,,,
Pseudomonas,474,56-80,368-536,,,
Pseudomonas,475,208-312,360-456,,,
Pseudomonas,476,152-192,280-512,,,
Pseudomonas,477,64-288,424-512,,,
Pseudomonas,478,264-488,,,,
Pseudomonas,479,296-440,,,,
Pseudomonas,480,368-400,,,,
Pseudomonas,481,344-392,,,,
Pseudomonas,482,528-536,,,,
Pseudomonas,483,0-88,328-464,,,
Pseudomonas,484,232-560,,,,
Pseudomonas,485,392-472,,,,
Pseudomonas,486,32-160,376-440,,,
Pseudomonas,487,16-136,368-448,520-560,,
Pseudomonas,488,288-392,,,,
Pseudomonas,489,248-344,448-496,,,
Pseudomonas,490,0-40,296-432,,,
Pseudomonas,491,80-104,120-136,,,
Pseudomonas,492,152-192,344-496,,,
Pseudomonas,493,,,,,
Pseudomonas,494,72-368,,,,
Pseudomonas,495,336-432,,,,
Pseudomonas,496,32-64,488-520,,,
Pseudomonas,497,0-48,416-488,,,
Pseudomonas,498,344-480,,,,
Pseudomonas,499,,,,,
Pseudomonas,500,288-552,,,,
Pseudomonas,501,72-104,216-328,448-480,,
Pseudomonas,502,104-184,376-384,,,
Pseudomonas,503,328-400,,,,
Pseudomonas,504,264-304,416-480,,,
Pseudomonas,505,328-472,,,,
Pseudomonas,506,344-472,,,,
Pseudomonas,507,288-424,,,,
Pseudomonas,508,,,,,
Pseudomonas,509,144-192,248-424,,,
Pseudomonas,510,128-168,320-408,,,
Pseudomonas,511,0-88,496-560,,,
Pseudomonas,512,112-272,424-560,,,
Pseudomonas,513,384-392,472-512,,,
Pseudomonas,514,176-304,416-472,,,
Pseudomonas,515,,,,,
Pseudomonas,516,344-408,472-504,,,
Pseudomonas,517,0-32,184-216,,,
Pseudomonas,518,0-8,112-152,,,
Pseudomonas,519,0-56,352-560,,,
Pseudomonas,520,376-560,,,,
Pseudomonas,521,80-120,168-480,,,
Pseudomonas,522,408-504,,,,
Pseudomonas,523,344-368,504-536,,,
Pseudomonas,524,376-400,,,,
Pseudomonas,525,232-464,,,,
Pseudomonas,526,304-424,528-560,,,
Pseudomonas,527,184-336,416-560,,,
Pseudomonas,528,0-48,344-392,456-552,,
Pseudomonas,529,128-152,336-384,,,
Pseudomonas,530,384-456,,,,
Pseudomonas,531,440-496,,,,
Pseudomonas,532,344-376,,,,
Pseudomonas,533,240-304,,,,
Pseudomonas,534,312-392,,,,
Pseudomonas,535,232-296,400-448,,,
Pseudomonas,536,112-200,400-504,,,
Pseudomonas,537,312-424,,,,
Pseudomonas,538,0-120,344-464,,,
Pseudomonas,539,376-384,528-560,,,
Pseudomonas,540,312-432,,,,
Pseudomonas,541,168-192,288-312,400-456,,
Pseudomonas,542,200-296,376-440,,,
Pseudomonas,543,376-432,,,,
Pseudomonas,544,400-456,536-560,,,
Pseudomonas,545,336-432,,,,
Pseudomonas,546,,,,,
Pseudomonas,547,408-472,,,,
Pseudomonas,548,256-312,352-456,,,
Pseudomonas,549,240-424,,,,
Pseudomonas,550,248-304,,,,
Pseudomonas,551,184-272,360-512,,,
Pseudomonas,552,320-448,,,,
Pseudomonas,553,312-424,,,,
Pseudomonas,554,,,,,
Pseudomonas,555,136-208,320-448,,,
Pseudomonas,556,416-440,,,,
Pseudomonas,557,288-328,,,,
Pseudomonas,558,456-512,,,,
Pseudomonas,559,184-224,336-400,,,
Pseudomonas,560,272-320,,,,
Pseudomonas,561,400-456,,,,
Pseudomonas,562,376-416,,,,
Pseudomonas,563,0-184,408-552,,,
Pseudomonas,564,120-176,336-376,520-552,,
Pseudomonas,565,240-280,432-472,,,
Pseudomonas,566,,,,,
Pseudomonas,567,120-216,,,,
Pseudomonas,568,392-440,,,,
Pseudomonas,569,152-312,400-456,,,
Pseudomonas,570,336-440,472-560,,,
Pseudomonas,571,416-456,,,,
Pseudomonas,572,0-40,232-280,,,
Pseudomonas,573,56-216,352-416,,,
Pseudomonas,574,408-432,,,,
Pseudomonas,575,400-440,,,,
Pseudomonas,576,240-264,392-552,,,
Pseudomonas,577,240-336,,,,
Pseudomonas,578,16-216,384-560,,,
Pseudomonas,579,136-272,408-528,,,
Pseudomonas,580,360-384,,,,
Pseudomonas,581,240-464,,,,
Pseudomonas,582,320-528,,,,
Pseudomonas,583,304-536,,,,
Pseudomonas,584,352-384,,,,
Pseudomonas,585,64-152,400-472,,,
Pseudomonas,586,328-384,456-472,,,
Pseudomonas,587,176-200,400-432,496-560,,
Pseudomonas,588,0-88,288-296,,,
Pseudomonas,589,24-64,312-488,,,
Pseudomonas,590,,,,,
Pseudomonas,591,376-464,,,,
Pseudomonas,592,240-264,368-408,,,
Pseudomonas,593,120-144,384-424,512-560,,
Pseudomonas,594,176-272,416-496,,,
Pseudomonas,595,184-208,,,,
Pseudomonas,596,368-560,,,,
Pseudomonas,597,512-536,,,,
Pseudomonas,598,232-496,,,,
Pseudomonas,599,120-304,,,,
Pseudomonas,600,128-168,496-560,,,
Pseudomonas,601,264-480,,,,
Pseudomonas,602,144-216,312-376,520-560,,
Pseudomonas,603,288-520,,,,
Pseudomonas,604,336-392,,,,
Pseudomonas,605,80-184,384-400,472-560,,
Pseudomonas,606,0-64,240-264,408-472,,
Pseudomonas,607,344-384,,,,
Pseudomonas,608,336-408,,,,
Pseudomonas,609,216-256,432-480,,,
Pseudomonas,610,328-464,,,,
Pseudomonas,611,0-48,416-552,,,
Pseudomonas,612,424-472,520-560,,,
Pseudomonas,613,272-320,400-432,,,
Pseudomonas,614,272-384,,,,
Pseudomonas,615,264-336,400-464,,,
Pseudomonas,616,24-32,88-128,,,
Pseudomonas,617,160-192,304-448,,,
Pseudomonas,618,88-200,296-328,400-464,,
Pseudomonas,619,376-448,,,,
Pseudomonas,620,144-184,280-344,424-432,,
Pseudomonas,621,344-496,,,,
Pseudomonas,622,296-392,,,,
Pseudomonas,623,,,,,
Pseudomonas,624,280-472,,,,
Pseudomonas,625,48-144,248-464,,,
Pseudomonas,626,392-528,,,,
Pseudomonas,627,280-544,,,,
Pseudomonas,628,240-432,,,,
Pseudomonas,629,272-536,,,,
Pseudomonas,630,344-536,,,,
Pseudomonas,631,208-224,,,,
Pseudomonas,632,320-448,488-496,,,
Pseudomonas,633,,,,,
Pseudomonas,634,352-432,,,,
Pseudomonas,635,192-216,280-464,,,
Pseudomonas,636,352-496,,,,
Pseudomonas,637,296-424,,,,
Pseudomonas,638,104-128,288-448,,,
Pseudomonas,639,0-120,528-552,,,
Pseudomonas,640,272-320,,,,
Pseudomonas,641,192-232,312-416,,,
Pseudomonas,642,80-200,368-504,,,
Pseudomonas,643,408-488,,,,
Pseudomonas,644,0-16,32-160,416-496,,
Pseudomonas,645,360-424,,,,
Pseudomonas,646,360-416,,,,
Pseudomonas,647,360-432,,,,
Pseudomonas,648,360-512,,,,
Pseudomonas,649,120-296,400-496,,,
Pseudomonas,650,0-48,264-344,,,
Pseudomonas,651,304-368,,,,
Pseudomonas,652,264-304,432-480,,,
Pseudomonas,653,,,,,
Pseudomonas,654,232-320,400-464,,,
Pseudomonas,655,144-464,,,,
Pseudomonas,656,32-56,472-552,,,
Pseudomonas,657,312-368,,,,
Pseudomonas,658,112-232,480-560,,,
Pseudomonas,659,192-264,448-496,,,
Pseudomonas,660,128-192,272-312,448-560,,
Pseudomonas,661,336-384,456-480,,,
Pseudomonas,662,352-424,,,,
Pseudomonas,663,288-352,,,,
Pseudomonas,664,304-472,,,,
Pseudomonas,665,0-16,400-512,,,
Pseudomonas,666,400-480,,,,
Pseudomonas,667,416-456,,,,
Pseudomonas,668,0-104,440-504,,,
Pseudomonas,669,344-456,,,,
Pseudomonas,670,0-24,400-440,,,
Pseudomonas,671,368-424,,,,
Pseudomonas,672,144-264,392-560,,,
Pseudomonas,673,0-80,408-488,,,
Pseudomonas,674,376-536,,,,
Pseudomonas,675,264-560,,,,
Pseudomonas,676,0-296,,,,
Pseudomonas,677,312-376,496-560,,,
Pseudomonas,678,32-104,184-296,368-480,,
Pseudomonas,679,152-304,392-408,512-560,,
Pseudomonas,680,,,,,
Pseudomonas,681,376-456,,,,
Pseudomonas,682,24-128,248-336,,,
Pseudomonas,683,0-80,,,,
Pseudomonas,684,384-560,,,,
Pseudomonas,685,192-272,416-544,,,
Pseudomonas,686,0-32,232-304,,,
Pseudomonas,687,296-320,,,,
Pseudomonas,688,344-472,,,,
Pseudomonas,689,240-472,,,,
Pseudomonas,690,24-40,408-480,,,
Pseudomonas,691,0-112,456-560,,,
Pseudomonas,692,72-160,328-424,,,
Pseudomonas,693,272-416,,,,
Pseudomonas,694,192-216,488-512,,,
Pseudomonas,695,328-440,,,,
Pseudomonas,696,248-272,360-384,,,
Pseudomonas,697,248-416,,,,
Pseudomonas,698,248-288,440-480,,,
Pseudomonas,699,208-272,,,,
Pseudomonas,700,184-288,360-432,,,
Pseudomonas,701,264-400,,,,
Pseudomonas,702,136-232,376-464,,,
Pseudomonas,703,0-64,280-552,,,
Pseudomonas,704,368-456,,,,
Pseudomonas,705,352-472,,,,
Pseudomonas,706,0-344,,,,
Pseudomonas,707,328-456,528-560,,,
Pseudomonas,708,24-480,,,,
Pseudomonas,709,400-480,,,,
Pseudomonas,710,192-392,488-528,,,
Pseudomonas,711,0-16,32-168,,,
Pseudomonas,712,448-504,,,,
Pseudomonas,713,104-272,360-432,,,
Pseudomonas,714,0-24,344-432,,,
Pseudomonas,715,280-312,,,,
Pseudomonas,716,152-240,408-464,,,
Pseudomonas,717,208-392,,,,
Pseudomonas,718,272-296,,,,
Pseudomonas,719,88-112,,,,
Pseudomonas,720,344-408,,,,
Pseudomonas,721,224-320,,,,
Pseudomonas,722,192-248,528-560,,,
Pseudomonas,723,360-464,,,,
Pseudomonas,724,216-288,344-424,,,
Pseudomonas,725,168-208,328-448,,,
Pseudomonas,726,336-456,,,,
Pseudomonas,727,328-488,528-552,,,
Pseudomonas,728,392-432,528-552,,,
Pseudomonas,729,296-400,,,,
Pseudomonas,730,208-472,,,,
Pseudomonas,731,360-560,,,,
Pseudomonas,732,152-192,272-352,,,
Pseudomonas,733,160-232,320-456,,,
Pseudomonas,734,296-472,,,,
Pseudomonas,735,136-232,384-560,,,
Pseudomonas,736,,,,,
Pseudomonas,737,264-480,,,,
Pseudomonas,738,120-240,,,,
Pseudomonas,739,400-432,,,,
Pseudomonas,740,0-232,456-480,,,
Pseudomonas,741,120-160,304-400,488-552,,
Pseudomonas,742,336-560,,,,
Pseudomonas,743,240-544,,,,
Pseudomonas,744,360-504,,,,
Pseudomonas,745,240-256,272-288,344-432,,
Pseudomonas,746,216-272,408-472,,,
Pseudomonas,747,320-456,,,,
Pseudomonas,748,0-312,504-544,,,
Pseudomonas,749,64-184,368-440,,,
Pseudomonas,750,16-56,456-504,,,
Pseudomonas,751,248-520,,,,
Pseudomonas,752,344-432,,,,
Pseudomonas,753,200-312,408-552,,,
Pseudomonas,754,192-208,,,,
Pseudomonas,755,360-440,,,,
Pseudomonas,756,272-336,,,,
Pseudomonas,757,304-384,,,,
Pseudomonas,758,296-352,,,,
Pseudomonas,759,208-264,400-536,,,
Pseudomonas,760,168-304,448-536,,,
Pseudomonas,761,208-256,,,,
Pseudomonas,762,408-488,,,,
Pseudomonas,763,0-32,224-456,,,
Pseudomonas,764,184-368,,,,
Pseudomonas,765,200-216,,,,
Pseudomonas,766,328-392,,,,
Pseudomonas,767,32-80,256-264,464-560,,
Pseudomonas,768,328-432,,,,
Pseudomonas,769,,,,,
Pseudomonas,770,0-120,,,,
Pseudomonas,771,,,,,
Pseudomonas,772,328-400,,,,
Pseudomonas,773,176-304,472-560,,,
Pseudomonas,774,424-560,,,,
Pseudomonas,775,216-448,,,,
Pseudomonas,776,336-456,,,,
Pseudomonas,777,120-176,,,,
Pseudomonas,778,336-528,,,,
Pseudomonas,779,184-248,432-560,,,
Pseudomonas,780,224-448,,,,
Pseudomonas,781,48-264,424-496,,,
Pseudomonas,782,0-40,344-448,,,
Pseudomonas,783,248-320,,,,
Pseudomonas,784,352-392,,,,
Pseudomonas,785,304-448,,,,
Pseudomonas,786,0-48,384-544,,,
Pseudomonas,787,280-424,,,,
Pseudomonas,788,160-216,,,,
Pseudomonas,789,64-88,352-384,,,
Pseudomonas,790,176-312,384-432,,,
Pseudomonas,791,328-512,,,,
Pseudomonas,792,368-392,472-504,,,
Pseudomonas,793,,,,,
Pseudomonas,794,56-104,312-368,480-520,,
Pseudomonas,795,240-400,,,,
Pseudomonas,796,0-8,104-120,408-456,,
Pseudomonas,797,392-448,,,,
Pseudomonas,798,160-176,280-424,,,
Pseudomonas,799,352-392,,,,
Pseudomonas,800,288-392,,,,
Pseudomonas,801,336-392,,,,
Pseudomonas,802,232-280,512-544,,,
Pseudomonas,803,288-384,456-496,,,
Pseudomonas,804,312-448,,,,
Pseudomonas,805,264-416,,,,
Pseudomonas,806,352-376,,,,
Pseudomonas,807,72-168,384-512,,,
Pseudomonas,808,440-560,,,,
Pseudomonas,809,0-48,120-392,,,
Pseudomonas,810,264-312,,,,
Pseudomonas,811,0-80,224-280,,,
Pseudomonas,812,504-560,,,,
Pseudomonas,813,384-496,,,,
Pseudomonas,814,0-264,360-560,,,
Pseudomonas,815,48-128,216-528,,,
Pseudomonas,816,368-552,,,,
Pseudomonas,817,0-16,80-208,352-400,,
Pseudomonas,818,40-88,248-384,472-496,,
Pseudomonas,819,368-408,536-560,,,
Pseudomonas,820,408-456,,,,
Pseudomonas,821,288-504,,,,
Pseudomonas,822,272-296,384-464,,,
Pseudomonas,823,416-456,,,,
Pseudomonas,824,0-16,136-352,392-440,,
Pseudomonas,825,376-432,,,,
Pseudomonas,826,224-464,,,,
Pseudomonas,827,104-184,408-432,,,
Pseudomonas,828,432-448,,,,
Pseudomonas,829,64-88,408-432,,,
Pseudomonas,830,272-432,,,,
Pseudomonas,831,24-120,368-424,,,
Pseudomonas,832,0-48,352-560,,,
Pseudomonas,833,224-288,,,,
Pseudomonas,834,264-440,,,,
Pseudomonas,835,224-280,392-456,,,
Pseudomonas,836,0-280,320-328,352-376,528-552,
Pseudomonas,837,112-160,368-448,,,
Pseudomonas,838,160-264,288-312,336-560,,
Pseudomonas,839,64-152,416-456,,,
Pseudomonas,840,32-40,336-440,,,
Pseudomonas,841,288-376,440-560,,,
Pseudomonas,842,336-408,536-560,,,
Pseudomonas,843,360-392,,,,
Pseudomonas,844,224-376,392-488,,,
Pseudomonas,845,104-112,536-560,,,
Pseudomonas,846,0-16,184-224,392-536,,
Pseudomonas,847,424-560,,,,
Pseudomonas,848,96-184,336-408,,,
Pseudomonas,849,0-64,136-288,,,
Pseudomonas,850,392-432,,,,
Pseudomonas,851,184-288,,,,
Pseudomonas,852,368-432,528-560,,,
Pseudomonas,853,0-72,,,,
Pseudomonas,854,0-184,,,,
Pseudomonas,855,496-560,,,,
Pseudomonas,856,48-112,408-464,,,
Pseudomonas,857,192-320,416-560,,,
Pseudomonas,858,400-560,,,,
Pseudomonas,859,296-408,520-560,,,
Pseudomonas,860,64-168,248-288,,,
Pseudomonas,861,104-160,,,,
Pseudomonas,862,312-536,,,,
Pseudomonas,863,496-560,,,,
Pseudomonas,864,280-304,320-496,,,
Pseudomonas,865,328-448,520-560,,,
Pseudomonas,866,96-136,272-456,,,
Pseudomonas,867,400-432,528-552,,,
Pseudomonas,868,352-480,,,,
Pseudomonas,869,0-8,232-304,352-552,,
Pseudomonas,870,216-424,,,,
Pseudomonas,871,176-288,384-408,,,
Pseudomonas,872,376-560,,,,
Pseudomonas,873,288-336,,,,
Pseudomonas,874,368-472,,,,
Pseudomonas,875,,,,,
Pseudomonas,876,224-264,504-520,,,
Pseudomonas,877,392-448,,,,
Pseudomonas,878,240-296,,,,
Pseudomonas,879,88-128,232-376,,,
Pseudomonas,880,88-136,400-528,,,
Pseudomonas,881,8-48,136-160,352-552,,
Pseudomonas,882,336-448,,,,
Pseudomonas,883,224-264,384-456,528-560,,
Pseudomonas,884,16-24,464-496,,,
Pseudomonas,885,408-448,,,,
Pseudomonas,886,232-296,,,,
Pseudomonas,887,208-512,,,,
Pseudomonas,888,360-472,,,,
Pseudomonas,889,,,,,
Pseudomonas,890,248-424,,,,
Pseudomonas,891,168-416,,,,
Pseudomonas,892,72-120,248-296,392-432,,
Pseudomonas,893,280-392,,,,
Pseudomonas,894,384-432,,,,
Pseudomonas,895,72-136,296-408,,,
Pseudomonas,896,128-216,368-432,,,
Pseudomonas,897,216-344,424-472,,,
Pseudomonas,898,272-376,,,,
Pseudomonas,899,304-328,432-504,,,
Pseudomonas,900,336-480,,,,
Pseudomonas,901,64-200,408-480,,,
Pseudomonas,902,216-224,360-440,,,
Pseudomonas,903,272-448,,,,
Pseudomonas,904,256-432,528-544,,,
Pseudomonas,905,56-112,344-384,,,
Pseudomonas,906,384-440,,,,
Pseudomonas,907,232-320,368-560,,,
Pseudomonas,908,0-104,408-504,,,
Pseudomonas,909,,,,,
Pseudomonas,910,192-224,400-480,,,
Pseudomonas,911,328-456,,,,
Pseudomonas,912,424-472,,,,
Pseudomonas,913,120-152,304-560,,,
Pseudomonas,914,368-432,,,,
Pseudomonas,915,288-464,,,,
Pseudomonas,916,160-256,440-512,,,
Pseudomonas,917,136-192,344-560,,,
Pseudomonas,918,0-8,240-296,488-560,,
Pseudomonas,919,,,,,
Pseudomonas,920,144-184,,,,
Pseudomonas,921,400-560,,,,
Pseudomonas,922,472-480,496-536,,,
Pseudomonas,923,,,,,
Pseudomonas,924,72-104,256-304,384-488,,
Pseudomonas,925,336-560,,,,
Pseudomonas,926,440-448,,,,
Pseudomonas,927,0-48,320-384,,,
Pseudomonas,928,464-536,,,,
Pseudomonas,929,144-176,344-448,,,
Pseudomonas,930,360-432,,,,
Pseudomonas,931,280-512,,,,
Pseudomonas,932,24-72,360-416,,,
Pseudomonas,933,392-464,,,,
Pseudomonas,934,232-256,352-384,,,
Pseudomonas,935,392-424,520-544,,,
Pseudomonas,936,400-472,,,,
Pseudomonas,937,232-400,,,,
Pseudomonas,938,0-8,240-488,,,
Pseudomonas,939,0-72,248-440,528-560,,
Pseudomonas,940,200-256,392-512,,,
Pseudomonas,941,136-208,456-504,,,
Pseudomonas,942,272-352,376-384,472-504,,
Pseudomonas,943,288-360,400-472,,,
Pseudomonas,944,408-424,,,,
Pseudomonas,945,152-264,,,,
Pseudomonas,946,384-416,,,,
Pseudomonas,947,344-448,,,,
Pseudomonas,948,272-424,,,,
Pseudomonas,949,392-440,,,,
Pseudomonas,950,0-8,400-552,,,
Pseudomonas,951,232-272,336-424,,,
Pseudomonas,952,352-424,,,,
Pseudomonas,953,336-408,,,,
Pseudomonas,954,408-440,,,,
Pseudomonas,955,72-192,,,,
Pseudomonas,956,408-488,,,,
Pseudomonas,957,272-288,368-440,,,
Pseudomonas,958,456-552,,,,
Pseudomonas,959,328-488,,,,
Pseudomonas,960,200-336,,,,
Pseudomonas,961,8-72,256-464,,,
Pseudomonas,962,376-456,,,,
Pseudomonas,963,80-160,448-552,,,
Pseudomonas,964,288-448,,,,
Pseudomonas,965,352-424,,,,
Pseudomonas,966,264-464,,,,
Pseudomonas,967,80-152,272-296,,,
Pseudomonas,968,376-448,,,,
Pseudomonas,969,328-544,,,,
Pseudomonas,970,352-488,,,,
Pseudomonas,971,72-120,208-408,,,
Pseudomonas,972,8-16,424-472,,,
Pseudomonas,973,,,,,
Pseudomonas,974,128-200,400-480,,,
Pseudomonas,975,280-472,,,,
Pseudomonas,976,72-144,320-432,,,
Pseudomonas,977,368-416,,,,
Pseudomonas,978,344-440,,,,
Pseudomonas,979,152-176,336-416,,,
Pseudomonas,980,240-424,,,,
Pseudomonas,981,80-264,384-448,,,
Pseudomonas,982,192-296,,,,
Pseudomonas,983,376-448,,,,
Pseudomonas,984,264-320,,,,
Pseudomonas,985,0-8,400-432,,,
Pseudomonas,986,360-440,,,,
Pseudomonas,987,384-432,,,,
Pseudomonas,988,416-440,,,,
Pseudomonas,989,344-464,,,,
Pseudomonas,990,512-560,,,,
Pseudomonas,991,352-448,496-560,,,
Pseudomonas,992,448-488,,,,
Pseudomonas,993,,,,,
Pseudomonas,994,248-432,,,,
Pseudomonas,995,64-88,304-336,,,
Pseudomonas,996,280-520,,,,
Pseudomonas,997,240-272,416-464,,,
Pseudomonas,998,0-208,272-520,,,
Pseudomonas,999,376-528,,,,
Pseudomonas,1000,344-424,,,,
Pseudomonas,1001,0-208,416-464,,,
Pseudomonas,1002,224-448,,,,
Pseudomonas,1003,32-120,264-376,464-544,,
Pseudomonas,1004,64-88,,,,
Pseudomonas,1005,128-200,344-552,,,
Pseudomonas,1006,408-560,,,,
Pseudomonas,1007,368-480,,,,
Pseudomonas,1008,408-512,,,,
Pseudomonas,1009,24-80,272-352,456-552,,
Pseudomonas,1010,320-440,,,,
Pseudomonas,1011,400-512,,,,
Pseudomonas,1012,312-384,,,,
Pseudomonas,1013,176-240,360-400,488-544,,
Pseudomonas,1014,288-336,408-456,,,
Pseudomonas,1015,56-96,344-480,,,
Pseudomonas,1016,360-440,,,,
Pseudomonas,1017,192-224,472-504,,,
Pseudomonas,1018,248-312,,,,
Pseudomonas,1019,104-168,,,,
Pseudomonas,1020,344-432,,,,
Pseudomonas,1021,120-152,440-472,,,
Pseudomonas,1022,88-288,376-560,,,
Pseudomonas,1023,0-32,248-312,360-496,,
Pseudomonas,1024,96-168,,,,
Pseudomonas,1025,280-424,,,,
Pseudomonas,1026,96-208,328-504,,,
Pseudomonas,1027,0-160,336-560,,,
Pseudomonas,1028,32-480,,,,
Pseudomonas,1029,464-560,,,,
Pseudomonas,1030,32-280,384-528,,,
Pseudomonas,1031,336-392,504-544,,,
Pseudomonas,1032,0-120,256-432,,,
Pseudomonas,1033,168-320,472-560,,,
Pseudomonas,1034,0-224,,,,
Pseudomonas,1035,216-336,,,,
Pseudomonas,1036,192-256,400-432,,,
Pseudomonas,1037,304-432,,,,
Pseudomonas,1038,0-64,208-344,528-560,,
Pseudomonas,1039,288-424,,,,
Pseudomonas,1040,0-48,144-472,,,
Pseudomonas,1041,16-40,224-280,320-520,,
Pseudomonas,1042,440-536,,,,
Pseudomonas,1043,96-160,224-272,368-400,520-560,
Pseudomonas,1044,48-88,240-464,,,
Pseudomonas,1045,328-456,,,,
Pseudomonas,1046,0-40,136-184,376-536,,
Pseudomonas,1047,352-448,,,,
Pseudomonas,1048,168-224,368-560,,,
Pseudomonas,1049,64-120,,,,
Pseudomonas,1050,288-368,,,,
Pseudomonas,1051,88-160,256-288,,,
Pseudomonas,1052,528-560,,,,
Pseudomonas,1053,32-72,192-240,344-432,,
Pseudomonas,1054,40-48,152-192,312-440,,
Pseudomonas,1055,64-112,384-536,,,
Pseudomonas,1056,0-48,144-368,,,
Pseudomonas,1057,0-16,240-488,,,
Pseudomonas,1058,232-272,,,,
Pseudomonas,1059,472-528,,,,
Pseudomonas,1060,288-496,,,,
Pseudomonas,1061,48-72,248-264,504-560,,
Pseudomonas,1062,440-480,,,,
Pseudomonas,1063,360-456,,,,
Pseudomonas,1064,376-456,,,,
Pseudomonas,1065,360-432,,,,
Pseudomonas,1066,272-304,,,,
Pseudomonas,1067,0-24,176-216,288-560,,
Pseudomonas,1068,16-144,368-448,536-560,,
Pseudomonas,1069,136-176,392-448,,,
Pseudomonas,1070,256-400,,,,
Pseudomonas,1071,464-512,,,,
Pseudomonas,1072,,,,,
Pseudomonas,1073,0-48,192-256,520-560,,
Pseudomonas,1074,0-40,104-192,272-336,384-440,
Pseudomonas,1075,344-408,464-552,,,
Pseudomonas,1076,184-216,304-360,,,
Pseudomonas,1077,384-416,488-560,,,
Pseudomonas,1078,184-232,416-560,,,
Pseudomonas,1079,272-552,,,,
Pseudomonas,1080,328-448,,,,
Pseudomonas,1081,16-96,344-368,,,
Pseudomonas,1082,0-8,496-536,,,
Pseudomonas,1083,352-416,,,,
Pseudomonas,1084,296-408,,,,
Pseudomonas,1085,64-80,344-552,,,
Pseudomonas,1086,0-40,352-400,,,
Pseudomonas,1087,312-504,,,,
Pseudomonas,1088,264-448,,,,
Pseudomonas,1089,376-448,,,,
Pseudomonas,1090,288-400,,,,
Pseudomonas,1091,360-392,488-560,,,
Pseudomonas,1092,288-344,520-560,,,
Pseudomonas,1093,0-16,72-560,,,
Pseudomonas,1094,128-168,304-464,,,
Pseudomonas,1095,352-504,,,,
Pseudomonas,1096,504-536,,,,
Pseudomonas,1097,,,,,
Pseudomonas,1098,208-280,400-448,,,
Pseudomonas,1099,288-496,,,,
Pseudomonas,1100,16-80,248-408,496-560,,
Pseudomonas,1101,416-440,520-560,,,
Pseudomonas,1102,,,,,
Pseudomonas,1103,344-408,,,,
Pseudomonas,1104,352-400,,,,
Pseudomonas,1105,0-448,,,,
Pseudomonas,1106,128-184,,,,
Pseudomonas,1107,304-536,,,,
Pseudomonas,1108,24-544,,,,
Pseudomonas,1109,360-384,472-544,,,
Pseudomonas,1110,360-424,,,,
Pseudomonas,1111,0-24,384-432,,,
Pseudomonas,1112,144-192,344-400,,,
Pseudomonas,1113,384-464,,,,
Pseudomonas,1114,360-480,,,,
Pseudomonas,1115,328-448,,,,
Pseudomonas,1116,256-392,,,,
Pseudomonas,1117,96-200,352-440,,,
Pseudomonas,1118,224-328,368-496,,,
Pseudomonas,1119,408-464,,,,
Pseudomonas,1120,0-96,312-432,,,
Pseudomonas,1121,216-272,368-560,,,
Pseudomonas,1122,392-456,,,,
Pseudomonas,1123,216-272,352-560,,,
Pseudomonas,1124,40-64,136-264,392-480,,
Pseudomonas,1125,0-56,368-384,,,
Pseudomonas,1126,160-504,,,,
Pseudomonas,1127,312-472,,,,
Pseudomonas,1128,0-16,32-72,296-320,432-472,536-560
Pseudomonas,1129,80-120,256-560,,,
Pseudomonas,1130,0-176,344-544,,,
Pseudomonas,1131,200-488,,,,
Pseudomonas,1132,328-408,,,,
Pseudomonas,1133,456-512,,,,
Pseudomonas,1134,,,,,
Pseudomonas,1135,200-232,384-432,520-552,,
Pseudomonas,1136,104-152,376-480,,,
Pseudomonas,1137,0-16,256-480,,,
Pseudomonas,1138,,,,,
Pseudomonas,1139,264-448,,,,
Pseudomonas,1140,32-320,400-560,,,
Pseudomonas,1141,136-168,464-536,,,
Pseudomonas,1142,0-48,248-296,,,
Pseudomonas,1143,232-400,,,,
Pseudomonas,1144,296-328,,,,
Pseudomonas,1145,408-432,,,,
Pseudomonas,1146,344-376,,,,
Pseudomonas,1147,0-24,144-248,312-456,,
Pseudomonas,1148,144-200,,,,
Pseudomonas,1149,216-248,360-424,504-544,,
Pseudomonas,1150,240-368,,,,
Pseudomonas,1151,296-424,,,,
Pseudomonas,1152,200-240,,,,
Pseudomonas,1153,16-192,368-432,,,
Pseudomonas,1154,400-456,,,,
Pseudomonas,1155,200-288,344-480,,,
Pseudomonas,1156,432-560,,,,
Pseudomonas,1157,520-552,,,,
Pseudomonas,1158,352-512,,,,
Pseudomonas,1159,384-408,,,,
Pseudomonas,1160,376-456,,,,
Pseudomonas,1161,328-456,,,,
Pseudomonas,1162,80-112,264-336,,,
Pseudomonas,1163,296-424,,,,
Pseudomonas,1164,,,,,
Pseudomonas,1165,216-256,336-496,,,
Pseudomonas,1166,,,,,
Pseudomonas,1167,304-408,,,,
Pseudomonas,1168,232-520,,,,
Pseudomonas,1169,328-520,,,,
Pseudomonas,1170,312-432,,,,
Pseudomonas,1171,336-424,,,,
Pseudomonas,1172,40-224,344-528,,,
Pseudomonas,1173,88-224,328-488,,,
Pseudomonas,1174,16-224,328-560,,,
Pseudomonas,1175,104-136,272-432,,,
Pseudomonas,1176,304-552,,,,
Pseudomonas,1177,288-320,400-432,,,
Pseudomonas,1178,416-560,,,,
Pseudomonas,1179,280-440,,,,
Pseudomonas,1180,384-560,,,,
Pseudomonas,1181,328-432,,,,
Pseudomonas,1182,200-256,464-528,,,
Pseudomonas,1183,248-312,,,,
Pseudomonas,1184,288-432,,,,
Pseudomonas,1185,384-424,,,,
Pseudomonas,1186,368-392,520-552,,,
Pseudomonas,1187,304-464,,,,
Pseudomonas,1188,360-448,,,,
Pseudomonas,1189,16-144,376-504,,,
Pseudomonas,1190,272-352,424-560,,,
Pseudomonas,1191,64-120,320-352,504-560,,
Pseudomonas,1192,120-256,440-544,,,
Pseudomonas,1193,8-24,368-456,,,
Pseudomonas,1194,40-304,384-448,,,
Pseudomonas,1195,352-424,,,,
Pseudomonas,1196,392-432,496-560,,,
Pseudomonas,1197,160-200,,,,
Pseudomonas,1198,280-560,,,,
Pseudomonas,1199,80-104,456-560,,,
Pseudomonas,1200,272-296,360-392,,,
Pseudomonas,1201,408-456,,,,
Pseudomonas,1202,112-232,392-456,,,
Pseudomonas,1203,360-448,,,,
Pseudomonas,1204,416-496,,,,
Pseudomonas,1205,240-424,,,,
Pseudomonas,1206,48-168,216-240,352-504,,
Pseudomonas,1207,384-408,,,,
Pseudomonas,1208,368-432,,,,
Pseudomonas,1209,360-424,,,,
Pseudomonas,1210,144-464,,,,
Pseudomonas,1211,160-232,424-472,,,
Pseudomonas,1212,176-200,408-560,,,
Pseudomonas,1213,528-560,,,,
Pseudomonas,1214,312-464,,,,
Pseudomonas,1215,280-400,,,,
Pseudomonas,1216,72-152,400-544,,,
Pseudomonas,1217,320-440,,,,
Pseudomonas,1218,48-96,376-416,528-560,,
Pseudomonas,1219,144-176,376-536,,,
Pseudomonas,1220,0-32,128-200,416-504,,
Pseudomonas,1221,288-544,,,,
Pseudomonas,1222,168-208,376-496,,,
Pseudomonas,1223,160-328,400-496,,,
Pseudomonas,1224,352-480,,,,
Pseudomonas,1225,312-472,,,,
Pseudomonas,1226,296-320,,,,
Pseudomonas,1227,184-216,,,,
Pseudomonas,1228,224-248,376-432,,,
Pseudomonas,1229,248-304,392-536,,,
Pseudomonas,1230,240-544,,,,
Pseudomonas,1231,312-416,,,,
Pseudomonas,1232,176-216,296-328,,,
Pseudomonas,1233,8-64,224-264,504-544,,
Pseudomonas,1234,0-80,416-560,,,
Pseudomonas,1235,336-432,,,,
Pseudomonas,1236,232-256,400-544,,,
Pseudomonas,1237,472-536,,,,
Pseudomonas,1238,408-544,,,,
Pseudomonas,1239,232-248,360-400,,,
Pseudomonas,1240,0-72,200-224,392-496,,
Pseudomonas,1241,72-392,,,,
Pseudomonas,1242,416-440,,,,
Pseudomonas,1243,216-240,392-464,,,
Pseudomonas,1244,408-528,,,,
Pseudomonas,1245,200-296,,,,
Pseudomonas,1246,344-464,,,,
Pseudomonas,1247,344-416,488-560,,,
Pseudomonas,1248,0-72,152-312,,,
Pseudomonas,1249,0-40,312-448,,,
Pseudomonas,1250,368-520,,,,
Pseudomonas,1251,392-480,,,,
Pseudomonas,1252,392-504,,,,
Pseudomonas,1253,184-288,392-496,,,
Pseudomonas,1254,0-48,128-288,360-400,,
Pseudomonas,1255,8-48,376-432,,,
Pseudomonas,1256,24-104,336-408,,,
Pseudomonas,1257,424-472,,,,
Pseudomonas,1258,8-80,,,,
Pseudomonas,1259,376-472,,,,
Pseudomonas,1260,0-48,112-328,440-496,,
Pseudomonas,1261,0-32,184-240,368-456,,
Pseudomonas,1262,328-544,,,,
Pseudomonas,1263,0-64,344-456,,,
Pseudomonas,1264,360-448,,,,
Pseudomonas,1265,208-248,368-496,,,
Pseudomonas,1266,328-432,,,,
Pseudomonas,1267,368-456,,,,
Pseudomonas,1268,344-384,,,,
Pseudomonas,1269,352-456,,,,
Pseudomonas,1270,328-472,,,,
Pseudomonas,1271,0-56,312-416,,,
Pseudomonas,1272,152-408,,,,
Pseudomonas,1273,184-448,,,,
Pseudomonas,1274,0-8,320-392,504-560,,
Pseudomonas,1275,392-560,,,,
Pseudomonas,1276,,,,,
Pseudomonas,1277,152-296,416-512,,,
Pseudomonas,1278,96-160,448-512,,,
Pseudomonas,1279,0-152,368-560,,,
Pseudomonas,1280,0-144,352-504,,,
Pseudomonas,1281,312-400,504-560,,,
Pseudomonas,1282,,,,,
Pseudomonas,1283,0-40,256-424,,,
Pseudomonas,1284,328-536,,,,
Pseudomonas,1285,304-360,504-552,,,
Pseudomonas,1286,0-72,240-248,,,
Pseudomonas,1287,208-424,,,,
Pseudomonas,1288,168-392,,,,
Pseudomonas,1289,128-152,,,,
Pseudomonas,1290,320-392,,,,
Pseudomonas,1291,136-176,304-472,,,
Pseudomonas,1292,0-32,,,,
Pseudomonas,1293,56-152,296-520,,,
Pseudomonas,1294,88-144,,,,
Pseudomonas,1295,0-24,136-168,368-448,,
Pseudomonas,1296,384-400,,,,
Pseudomonas,1297,392-432,,,,
Pseudomonas,1298,368-528,,,,
Pseudomonas,1299,232-416,488-520,,,
Pseudomonas,1300,,,,,
Pseudomonas,1301,408-440,,,,
Pseudomonas,1302,24-160,360-392,464-552,,
Pseudomonas,1303,328-472,,,,
Pseudomonas,1304,368-472,,,,
Pseudomonas,1305,392-544,,,,
Pseudomonas,1306,0-24,208-216,264-560,,
Pseudomonas,1307,360-408,488-560,,,
Pseudomonas,1308,0-16,256-312,,,
Pseudomonas,1309,200-240,320-560,,,
Pseudomonas,1310,296-560,,,,
Pseudomonas,1311,56-96,312-488,,,
Pseudomonas,1312,336-400,,,,
Pseudomonas,1313,136-240,392-456,,,
Pseudomonas,1314,0-120,408-544,,,
Pseudomonas,1315,176-232,408-440,,,
Pseudomonas,1316,400-496,,,,
Pseudomonas,1317,352-440,,,,
Pseudomonas,1318,200-256,272-416,,,
Pseudomonas,1319,400-472,,,,
Pseudomonas,1320,0-120,224-272,,,
Pseudomonas,1321,40-504,,,,
Pseudomonas,1322,216-240,,,,
Pseudomonas,1323,24-48,368-552,,,
Pseudomonas,1324,184-400,,,,
Pseudomonas,1325,232-288,384-408,512-552,,
Pseudomonas,1326,336-488,,,,
Pseudomonas,1327,264-552,,,,
Pseudomonas,1328,80-192,288-464,,,
Pseudomonas,1329,280-312,408-416,,,
Pseudomonas,1330,128-152,336-520,,,
Pseudomonas,1331,0-80,224-336,352-560,,
Pseudomonas,1332,288-440,,,,
Pseudomonas,1333,312-560,,,,
Pseudomonas,1334,0-48,384-552,,,
Pseudomonas,1335,416-440,,,,
Pseudomonas,1336,368-520,,,,
Pseudomonas,1337,328-536,,,,
Pseudomonas,1338,0-8,368-464,,,
Pseudomonas,1339,8-72,256-496,,,
Pseudomonas,1340,,,,,
Pseudomonas,1341,24-80,224-464,,,
Pseudomonas,1342,16-56,216-432,,,
Pseudomonas,1343,0-40,408-536,,,
Pseudomonas,1344,304-392,,,,
Pseudomonas,1345,320-480,,,,
Pseudomonas,1346,400-528,,,,
Pseudomonas,1347,,,,,
Pseudomonas,1348,96-128,200-360,,,
Pseudomonas,1349,0-192,256-416,472-552,,
Pseudomonas,1350,376-552,,,,
Pseudomonas,1351,184-312,344-448,,,
Pseudomonas,1352,,,,,
Pseudomonas,1353,320-392,,,,
Pseudomonas,1354,216-288,368-432,,,
Pseudomonas,1355,272-464,,,,
Pseudomonas,1356,392-424,,,,
Pseudomonas,1357,80-168,256-288,,,
Pseudomonas,1358,0-160,360-496,,,
Pseudomonas,1359,360-536,,,,
Pseudomonas,1360,328-376,,,,
Pseudomonas,1361,400-440,,,,
Pseudomonas,1362,0-120,216-240,312-448,,
Pseudomonas,1363,80-96,256-320,384-472,,
Pseudomonas,1364,376-552,,,,
Pseudomonas,1365,376-504,,,,
Pseudomonas,1366,72-144,208-320,,,
Pseudomonas,1367,200-256,376-440,,,
Pseudomonas,1368,168-208,392-456,,,
Pseudomonas,1369,,,,,
Pseudomonas,1370,160-312,,,,
Pseudomonas,1371,464-560,,,,
Pseudomonas,1372,344-424,,,,
Pseudomonas,1373,256-424,,,,
Pseudomonas,1374,416-424,,,,
Pseudomonas,1375,376-408,512-560,,,
Pseudomonas,1376,24-248,344-432,,,
Pseudomonas,1377,8-32,,,,
Pseudomonas,1378,0-24,136-304,,,
Pseudomonas,1379,416-488,,,,
Pseudomonas,1380,88-184,384-504,,,
Pseudomonas,1381,256-368,456-560,,,
Pseudomonas,1382,96-136,264-560,,,
Pseudomonas,1383,408-432,,,,
Pseudomonas,1384,328-480,,,,
Pseudomonas,1385,352-400,,,,
Pseudomonas,1386,392-424,,,,
Pseudomonas,1387,128-280,368-496,,,
Pseudomonas,1388,136-168,344-368,,,
Pseudomonas,1389,336-400,,,,
Pseudomonas,1390,0-8,440-560,,,
Pseudomonas,1391,352-448,,,,
Pseudomonas,1392,360-456,,,,
Pseudomonas,1393,352-424,,,,
Pseudomonas,1394,184-320,,,,
Pseudomonas,1395,312-408,,,,
Pseudomonas,1396,304-560,,,,
Pseudomonas,1397,336-448,,,,
Pseudomonas,1398,128-152,200-272,360-440,,
Pseudomonas,1399,328-424,,,,
Pseudomonas,1400,48-152,,,,
Pseudomonas,1401,0-8,456-512,,,
Pseudomonas,1402,360-464,504-560,,,
Pseudomonas,1403,72-144,440-464,,,
Pseudomonas,1404,320-376,,,,
Pseudomonas,1405,336-416,,,,
Pseudomonas,1406,296-368,,,,
Pseudomonas,1407,376-496,,,,
Pseudomonas,1408,376-512,,,,
Pseudomonas,1409,424-440,,,,
Pseudomonas,1410,304-448,,,,
Pseudomonas,1411,152-176,,,,
Pseudomonas,1412,368-400,,,,
Pseudomonas,1413,368-464,,,,
Pseudomonas,1414,392-440,,,,
Pseudomonas,1415,,,,,
Pseudomonas,1416,360-448,,,,
Pseudomonas,1417,312-392,,,,
Pseudomonas,1418,376-408,,,,
Pseudomonas,1419,16-224,,,,
Pseudomonas,1420,344-376,,,,
Pseudomonas,1421,344-456,,,,
Pseudomonas,1422,160-192,472-552,,,
Pseudomonas,1423,0-64,368-392,,,
Pseudomonas,1424,0-32,384-440,,,
Pseudomonas,1425,48-528,,,,
Pseudomonas,1426,80-136,472-552,,,
Pseudomonas,1427,288-496,,,,
Pseudomonas,1428,400-448,,,,
Pseudomonas,1429,288-456,,,,
Pseudomonas,1430,344-528,,,,
Pseudomonas,1431,312-440,,,,
Pseudomonas,1432,144-272,488-552,,,
Pseudomonas,1433,144-392,,,,
Pseudomonas,1434,496-528,,,,
Pseudomonas,1435,40-72,400-560,,,
Pseudomonas,1436,96-320,,,,
Pseudomonas,1437,224-248,400-560,,,
Pseudomonas,1438,336-432,,,,
Pseudomonas,1439,440-552,,,,
Pseudomonas,1440,280-328,,,,
Pseudomonas,1441,0-16,80-112,416-456,,
Pseudomonas,1442,240-328,448-480,,,
Pseudomonas,1443,248-448,520-552,,,
Pseudomonas,1444,,,,,
Pseudomonas,1445,,,,,
Pseudomonas,1446,,,,,
Pseudomonas,1447,320-408,,,,
Pseudomonas,1448,160-208,352-448,,,
Pseudomonas,1449,392-440,,,,
Pseudomonas,1450,344-560,,,,
Pseudomonas,1451,200-248,392-472,,,
Pseudomonas,1452,200-432,,,,
Pseudomonas,1453,0-72,248-440,,,
Pseudomonas,1454,152-176,280-512,,,
Pseudomonas,1455,0-40,232-264,336-472,,
Pseudomonas,1456,376-472,,,,
Pseudomonas,1457,208-448,,,,
Pseudomonas,1458,160-200,296-328,416-560,,
Pseudomonas,1459,160-208,296-528,,,
Pseudomonas,1460,256-288,,,,
Pseudomonas,1461,256-480,,,,
Pseudomonas,1462,320-360,,,,
Pseudomonas,1463,360-416,,,,
Pseudomonas,1464,96-120,512-560,,,
Pseudomonas,1465,0-280,480-552,,,
Pseudomonas,1466,128-480,,,,
Pseudomonas,1467,384-440,,,,
Pseudomonas,1468,352-472,,,,
Pseudomonas,1469,216-448,496-560,,,
Pseudomonas,1470,344-392,,,,
Pseudomonas,1471,168-216,,,,
Pseudomonas,1472,312-432,,,,
Pseudomonas,1473,256-304,448-560,,,
Pseudomonas,1474,64-176,416-552,,,
Pseudomonas,1475,176-216,352-440,,,
Pseudomonas,1476,336-456,,,,
Pseudomonas,1477,352-392,472-520,,,
Pseudomonas,1478,256-560,,,,
Pseudomonas,1479,40-120,336-384,464-560,,
Pseudomonas,1480,288-480,,,,
Pseudomonas,1481,,,,,
Pseudomonas,1482,360-560,,,,
Pseudomonas,1483,256-296,,,,
Pseudomonas,1484,352-488,,,,
Pseudomonas,1485,,,,,
Pseudomonas,1486,376-560,,,,
Pseudomonas,1487,296-400,536-560,,,
Pseudomonas,1488,,,,,
Pseudomonas,1489,440-480,,,,
Pseudomonas,1490,0-16,128-240,360-440,,
Pseudomonas,1491,168-384,488-560,,,
Pseudomonas,1492,496-536,,,,
Pseudomonas,1493,264-432,,,,
Pseudomonas,1494,192-464,,,,
Pseudomonas,1495,0-64,272-320,416-512,,
Pseudomonas,1496,376-496,,,,
Pseudomonas,1497,384-560,,,,
Pseudomonas,1498,152-328,392-440,,,
Pseudomonas,1499,24-88,352-448,,,
Pseudomonas,1500,408-440,,,,
Pseudomonas,1501,40-128,392-552,,,
Pseudomonas,1502,384-520,,,,
Pseudomonas,1503,240-296,,,,
Pseudomonas,1504,104-128,200-296,,,
Pseudomonas,1505,176-280,344-392,,,
Pseudomonas,1506,80-104,376-400,,,
Pseudomonas,1507,64-88,360-384,,,
Pseudomonas,1508,88-160,328-544,,,
Pseudomonas,1509,80-160,528-560,,,
Pseudomonas,1510,360-400,,,,
Pseudomonas,1511,0-312,424-528,,,
Pseudomonas,1512,72-144,320-424,,,
Pseudomonas,1513,0-32,456-520,,,
Pseudomonas,1514,96-128,352-424,,,
Pseudomonas,1515,312-432,,,,
Pseudomonas,1516,312-440,,,,
Pseudomonas,1517,272-360,,,,
Pseudomonas,1518,344-528,,,,
Pseudomonas,1519,352-424,,,,
Pseudomonas,1520,120-344,400-480,,,
Pseudomonas,1521,0-8,288-312,424-448,,
Pseudomonas,1522,248-560,,,,
Pseudomonas,1523,248-560,,,,
Pseudomonas,1524,376-416,,,,
Pseudomonas,1525,384-488,,,,
Pseudomonas,1526,0-208,344-352,448-480,,
Pseudomonas,1527,176-216,,,,
Pseudomonas,1528,344-424,,,,
Pseudomonas,1529,88-112,344-528,,,
Pseudomonas,1530,128-152,384-456,,,
Pseudomonas,1531,240-392,,,,
Pseudomonas,1532,424-448,,,,
Pseudomonas,1533,512-536,,,,
Pseudomonas,1534,248-464,,,,
Pseudomonas,1535,352-408,,,,
Pseudomonas,1536,376-416,528-560,,,
Pseudomonas,1537,464-488,,,,
Pseudomonas,1538,16-56,192-416,,,
Pseudomonas,1539,408-512,,,,
Pseudomonas,1540,392-440,,,,
Pseudomonas,1541,416-520,,,,
Pseudomonas,1542,224-552,,,,
Pseudomonas,1543,0-72,160-224,,,
Pseudomonas,1544,24-104,232-416,,,
Pseudomonas,1545,408-456,,,,
Pseudomonas,1546,400-448,,,,
Pseudomonas,1547,112-168,248-280,512-560,,
Pseudomonas,1548,0-40,232-296,376-512,,
Pseudomonas,1549,0-168,320-544,,,
Pseudomonas,1550,344-416,,,,
Pseudomonas,1551,328-456,,,,
Pseudomonas,1552,312-376,,,,
Pseudomonas,1553,0-16,104-216,328-424,,
Pseudomonas,1554,16-32,512-560,,,
Pseudomonas,1555,72-96,184-232,288-336,432-488,
Pseudomonas,1556,104-288,360-464,,,
Pseudomonas,1557,104-168,304-552,,,
Pseudomonas,1558,88-176,264-296,392-544,,
Pseudomonas,1559,128-280,376-480,,,
Pseudomonas,1560,0-16,120-216,328-360,,
Pseudomonas,1561,424-560,,,,
Pseudomonas,1562,224-288,376-560,,,
Pseudomonas,1563,416-440,,,,
Pseudomonas,1564,416-480,,,,
Pseudomonas,1565,72-232,440-544,,,
Pseudomonas,1566,216-456,,,,
Pseudomonas,1567,216-272,,,,
Pseudomonas,1568,104-144,296-440,,,
Pseudomonas,1569,352-440,,,,
Pseudomonas,1570,392-552,,,,
Pseudomonas,1571,,,,,
Pseudomonas,1572,160-448,,,,
Pseudomonas,1573,432-440,,,,
Pseudomonas,1574,344-376,464-528,,,
Pseudomonas,1575,192-248,352-560,,,
Pseudomonas,1576,104-176,344-560,,,
Pseudomonas,1577,400-416,,,,
Pseudomonas,1578,352-376,,,,
Pseudomonas,1579,32-128,328-352,368-384,488-560,
Pseudomonas,1580,320-464,,,,
Pseudomonas,1581,464-560,,,,
Pseudomonas,1582,320-472,520-544,,,
Pseudomonas,1583,0-32,80-96,,,
Pseudomonas,1584,344-400,,,,
Pseudomonas,1585,72-136,352-480,,,
Pseudomonas,1586,88-192,416-560,,,
Pseudomonas,1587,320-488,,,,
Pseudomonas,1588,112-240,,,,
Pseudomonas,1589,368-392,,,,
Pseudomonas,1590,400-552,,,,
Pseudomonas,1591,336-360,464-520,,,
Pseudomonas,1592,224-288,440-512,,,
Pseudomonas,1593,232-288,416-440,,,
Pseudomonas,1594,256-480,,,,
Pseudomonas,1595,448-472,,,,
Pseudomonas,1596,104-216,392-560,,,
Pseudomonas,1597,0-184,280-520,,,
Pseudomonas,1598,360-440,512-560,,,
Pseudomonas,1599,,,,,
Pseudomonas,1600,328-448,,,,
Pseudomonas,1601,448-536,,,,
Pseudomonas,1602,0-64,144-280,376-392,,
Pseudomonas,1603,0-40,384-456,,,
Pseudomonas,1604,88-128,216-424,,,
Pseudomonas,1605,256-520,,,,
Pseudomonas,1606,336-552,,,,
Pseudomonas,1607,352-488,,,,
Pseudomonas,1608,0-128,240-272,472-560,,
Pseudomonas,1609,120-224,400-424,,,
Pseudomonas,1610,128-176,256-560,,,
Pseudomonas,1611,344-408,,,,
Pseudomonas,1612,72-88,208-424,512-560,,
Pseudomonas,1613,336-528,,,,
Pseudomonas,1614,408-480,,,,
Pseudomonas,1615,232-480,,,,
Pseudomonas,1616,440-496,,,,
Pseudomonas,1617,232-376,,,,
Pseudomonas,1618,8-80,192-216,328-472,,
Pseudomonas,1619,352-400,,,,
Pseudomonas,1620,376-400,,,,
Pseudomonas,1621,344-408,,,,
Pseudomonas,1622,112-160,384-448,,,
Pseudomonas,1623,248-304,472-480,,,
Pseudomonas,1624,0-192,400-480,,,
Pseudomonas,1625,304-376,,,,
Pseudomonas,1626,312-368,456-504,,,
Pseudomonas,1627,440-464,,,,
Pseudomonas,1628,328-384,,,,
Pseudomonas,1629,344-432,,,,
Pseudomonas,1630,112-136,272-304,392-456,,
Pseudomonas,1631,0-8,344-560,,,
Pseudomonas,1632,232-272,504-528,,,
Pseudomonas,1633,192-560,,,,
Pseudomonas,1634,0-16,232-256,296-344,448-504,
Pseudomonas,1635,24-112,408-456,,,
Pseudomonas,1636,,,,,
Pseudomonas,1637,120-448,,,,
Pseudomonas,1638,536-552,,,,
Pseudomonas,1639,24-80,224-344,,,
Pseudomonas,1640,0-40,144-288,416-464,,
Pseudomonas,1641,80-112,,,,
Pseudomonas,1642,256-472,,,,
Pseudomonas,1643,304-448,,,,
Pseudomonas,1644,352-520,,,,
Pseudomonas,1645,48-88,352-384,448-560,,
Pseudomonas,1646,408-496,,,,
Pseudomonas,1647,64-144,416-560,,,
Pseudomonas,1648,176-200,504-536,,,
Pseudomonas,1649,376-480,,,,
Pseudomonas,1650,0-32,184-352,,,
Pseudomonas,1651,,,,,
Pseudomonas,1652,120-448,520-560,,,
Pseudomonas,1653,296-416,,,,
Pseudomonas,1654,152-224,352-432,,,
Pseudomonas,1655,288-464,,,,
Pseudomonas,1656,96-144,,,,
Pseudomonas,1657,160-312,504-512,,,
Pseudomonas,1658,16-32,,,,
Pseudomonas,1659,48-168,360-472,,,
Pseudomonas,1660,344-520,,,,
Pseudomonas,1661,0-88,136-304,,,
Pseudomonas,1662,280-320,440-560,,,
Pseudomonas,1663,384-544,,,,
Pseudomonas,1664,328-440,,,,
Pseudomonas,1665,104-120,392-544,,,
Pseudomonas,1666,280-352,424-472,,,
Pseudomonas,1667,104-136,400-544,,,
Pseudomonas,1668,0-8,104-136,296-560,,
Pseudomonas,1669,280-528,,,,
Pseudomonas,1670,328-360,,,,
Pseudomonas,1671,0-16,336-560,,,
Pseudomonas,1672,0-24,456-480,,,
Pseudomonas,1673,0-16,392-560,,,
Pseudomonas,1674,264-432,,,,
Pseudomonas,1675,0-16,280-320,432-456,,
Pseudomonas,1676,288-424,464-544,,,
Pseudomonas,1677,176-216,,,,
Pseudomonas,1678,400-536,,,,
Pseudomonas,1679,128-216,368-400,,,
Pseudomonas,1680,208-456,,,,
Pseudomonas,1681,304-320,336-448,,,
Pseudomonas,1682,168-240,312-440,,,
Pseudomonas,1683,200-448,,,,
Pseudomonas,1684,360-560,,,,
Pseudomonas,1685,392-520,,,,
Pseudomonas,1686,304-352,400-448,,,
Pseudomonas,1687,152-216,384-528,,,
Pseudomonas,1688,344-376,,,,
Pseudomonas,1689,392-472,,,,
Pseudomonas,1690,,,,,
Pseudomonas,1691,400-440,,,,
Pseudomonas,1692,216-256,360-472,,,
Pseudomonas,1693,80-192,328-464,,,
Pseudomonas,1694,64-304,400-440,512-552,,
Pseudomonas,1695,136-224,328-432,,,
Pseudomonas,1696,360-512,,,,
Pseudomonas,1697,312-400,464-536,,,
Pseudomonas,1698,288-296,336-440,,,
Pseudomonas,1699,320-528,,,,
Pseudomonas,1700,160-296,,,,
Pseudomonas,1701,304-400,,,,
Pseudomonas,1702,296-464,,,,
Pseudomonas,1703,360-400,,,,
Pseudomonas,1704,440-560,,,,
Pseudomonas,1705,200-208,432-536,,,
Pseudomonas,1706,376-560,,,,
Pseudomonas,1707,104-128,344-352,400-544,,
Pseudomonas,1708,352-440,,,,
Pseudomonas,1709,0-176,256-360,,,
Pseudomonas,1710,176-440,,,,
Pseudomonas,1711,64-112,392-408,,,
Pseudomonas,1712,256-544,,,,
Pseudomonas,1713,376-512,,,,
Pseudomonas,1714,224-472,,,,
Pseudomonas,1715,368-544,,,,
Pseudomonas,1716,352-392,,,,
Pseudomonas,1717,376-560,,,,
Pseudomonas,1718,392-456,,,,
Pseudomonas,1719,248-536,,,,
Pseudomonas,1720,360-400,,,,
Pseudomonas,1721,0-248,400-552,,,
Pseudomonas,1722,248-320,368-528,,,
Pseudomonas,1723,0-40,160-440,,,
Pseudomonas,1724,,,,,
Pseudomonas,1725,416-440,,,,
Pseudomonas,1726,96-216,336-560,,,
Pseudomonas,1727,0-88,272-312,400-464,,
Pseudomonas,1728,304-328,392-560,,,
Pseudomonas,1729,80-112,416-480,,,
Pseudomonas,1730,48-112,176-272,,,
Pseudomonas,1731,72-96,384-440,,,
Pseudomonas,1732,504-560,,,,
Pseudomonas,1733,344-432,,,,
Pseudomonas,1734,,,,,
Pseudomonas,1735,80-104,400-432,,,
Pseudomonas,1736,288-440,,,,
Pseudomonas,1737,0-32,152-272,400-432,,
Pseudomonas,1738,464-496,,,,
Pseudomonas,1739,392-456,,,,
Pseudomonas,1740,416-512,,,,
Pseudomonas,1741,0-112,384-424,,,
Pseudomonas,1742,104-144,368-496,,,
Pseudomonas,1743,272-472,,,,
Pseudomonas,1744,264-336,,,,
Pseudomonas,1745,192-216,,,,
Pseudomonas,1746,40-320,448-536,,,
Pseudomonas,1747,0-48,,,,
Pseudomonas,1748,304-432,,,,
Pseudomonas,1749,368-520,,,,
Pseudomonas,1750,80-168,464-504,,,
Pseudomonas,1751,376-536,,,,
Pseudomonas,1752,0-56,328-448,,,
Pseudomonas,1753,40-128,176-512,,,
Pseudomonas,1754,360-408,,,,
Pseudomonas,1755,384-432,,,,
Pseudomonas,1756,24-72,400-504,,,
Pseudomonas,1757,104-128,280-312,424-504,,
Pseudomonas,1758,256-360,,,,
Pseudomonas,1759,,,,,
Pseudomonas,1760,352-400,,,,
Pseudomonas,1761,336-400,,,,
Pseudomonas,1762,352-392,,,,
Pseudomonas,1763,0-216,392-464,,,
Pseudomonas,1764,0-40,216-256,408-560,,
Pseudomonas,1765,240-280,336-456,,,
Pseudomonas,1766,344-408,464-480,496-520,,
Pseudomonas,1767,192-248,336-432,504-560,,
Pseudomonas,1768,64-144,320-552,,,
Pseudomonas,1769,0-112,344-464,536-560,,
Pseudomonas,1770,416-464,,,,
Pseudomonas,1771,280-464,,,,
Pseudomonas,1772,360-488,,,,
Pseudomonas,1773,144-200,408-560,,,
Pseudomonas,1774,472-496,,,,
Pseudomonas,1775,320-336,416-448,,,
Pseudomonas,1776,160-296,360-512,,,
Pseudomonas,1777,256-456,,,,
Pseudomonas,1778,120-152,248-296,,,
Pseudomonas,1779,400-560,,,,
Pseudomonas,1780,320-432,,,,
Pseudomonas,1781,,,,,
Pseudomonas,1782,360-432,,,,
Pseudomonas,1783,8-72,400-456,,,
Pseudomonas,1784,312-384,,,,
Pseudomonas,1785,0-136,200-400,496-528,,
Pseudomonas,1786,128-160,272-304,384-448,480-560,
Pseudomonas,1787,0-136,168-232,448-480,,
Pseudomonas,1788,368-440,,,,
Pseudomonas,1789,288-312,400-496,,,
Pseudomonas,1790,264-560,,,,
Pseudomonas,1791,328-512,,,,
Pseudomonas,1792,384-504,,,,
Pseudomonas,1793,416-480,,,,
Pseudomonas,1794,176-488,,,,
Pseudomonas,1795,160-296,,,,
Pseudomonas,1796,408-440,,,,
Pseudomonas,1797,64-96,272-320,,,
Pseudomonas,1798,0-440,,,,
Pseudomonas,1799,264-520,,,,
Pseudomonas,1800,368-448,528-552,,,
Pseudomonas,1801,72-176,232-560,,,
Pseudomonas,1802,400-512,,,,
Pseudomonas,1803,0-72,,,,
Pseudomonas,1804,360-560,,,,
Pseudomonas,1805,8-560,,,,
Pseudomonas,1806,0-16,432-560,,,
Pseudomonas,1807,0-272,400-464,,,
Pseudomonas,1808,512-560,,,,
Pseudomonas,1809,392-432,,,,
Pseudomonas,1810,216-352,376-392,472-552,,
Pseudomonas,1811,296-560,,,,
Pseudomonas,1812,392-496,,,,
Pseudomonas,1813,,,,,
Pseudomonas,1814,392-488,,,,
Pseudomonas,1815,168-184,312-400,,,
Pseudomonas,1816,16-40,400-440,,,
Pseudomonas,1817,184-248,400-488,,,
Pseudomonas,1818,368-456,,,,
Pseudomonas,1819,0-32,184-256,408-504,,
Pseudomonas,1820,416-488,528-536,,,
Pseudomonas,1821,,,,,
Pseudomonas,1822,8-48,144-200,448-496,,
Pseudomonas,1823,88-160,384-448,,,
Pseudomonas,1824,488-560,,,,
Pseudomonas,1825,432-472,,,,
Pseudomonas,1826,,,,,
Pseudomonas,1827,312-552,,,,
Pseudomonas,1828,400-472,,,,
Pseudomonas,1829,280-472,,,,
Pseudomonas,1830,288-512,,,,
Pseudomonas,1831,,,,,
Pseudomonas,1832,368-560,,,,
Pseudomonas,1833,400-440,,,,
Pseudomonas,1834,440-536,,,,
Pseudomonas,1835,496-512,,,,
Pseudomonas,1836,320-432,,,,
Pseudomonas,1837,320-360,,,,
Pseudomonas,1838,160-224,,,,
Pseudomonas,1839,256-272,424-440,464-536,,
Pseudomonas,1840,0-56,184-264,456-488,,
Pseudomonas,1841,288-416,,,,
Pseudomonas,1842,328-384,,,,
Pseudomonas,1843,408-448,496-552,,,
Pseudomonas,1844,200-240,400-464,,,
Pseudomonas,1845,64-120,376-528,,,
Pseudomonas,1846,320-360,464-488,,,
Pseudomonas,1847,384-496,,,,
Pseudomonas,1848,360-488,,,,
Pseudomonas,1849,376-464,,,,
Pseudomonas,1850,400-432,,,,
Pseudomonas,1851,464-552,,,,
Pseudomonas,1852,408-432,,,,
Pseudomonas,1853,,,,,
Pseudomonas,1854,328-504,,,,
Pseudomonas,1855,376-560,,,,
Pseudomonas,1856,168-392,,,,
Pseudomonas,1857,384-472,,,,
Pseudomonas,1858,336-520,,,,
Pseudomonas,1859,328-536,,,,
Pseudomonas,1860,232-424,,,,
Pseudomonas,1861,,,,,
Pseudomonas,1862,384-424,,,,
Pseudomonas,1863,240-264,376-432,,,
Pseudomonas,1864,168-184,352-384,520-560,,
Pseudomonas,1865,288-368,448-536,,,
Pseudomonas,1866,384-464,528-536,,,
Pseudomonas,1867,360-560,,,,
Pseudomonas,1868,432-480,,,,
Pseudomonas,1869,0-104,224-304,416-456,,
Pseudomonas,1870,144-208,288-384,,,
Pseudomonas,1871,120-192,248-264,280-432,,
Pseudomonas,1872,224-288,408-448,,,
Pseudomonas,1873,232-560,,,,
Pseudomonas,1874,88-448,,,,
Pseudomonas,1875,88-248,416-536,,,
Pseudomonas,1876,384-440,,,,
Pseudomonas,1877,488-560,,,,
Pseudomonas,1878,328-400,,,,
Pseudomonas,1879,416-464,,,,
Pseudomonas,1880,48-96,400-432,,,
Pseudomonas,1881,344-376,,,,
Pseudomonas,1882,0-16,272-296,,,
Pseudomonas,1883,72-104,400-480,,,
Pseudomonas,1884,200-224,384-480,,,
Pseudomonas,1885,344-480,,,,
Pseudomonas,1886,280-432,,,,
Pseudomonas,1887,216-440,,,,
Pseudomonas,1888,248-264,392-440,488-544,,
Pseudomonas,1889,296-416,,,,
Pseudomonas,1890,264-400,,,,
Pseudomonas,1891,,,,,
Pseudomonas,1892,264-352,,,,
Pseudomonas,1893,456-560,,,,
Pseudomonas,1894,32-152,264-496,,,
Pseudomonas,1895,0-504,,,,
Pseudomonas,1896,232-240,480-560,,,
Pseudomonas,1897,384-528,,,,
Pseudomonas,1898,264-432,,,,
Pseudomonas,1899,208-560,,,,
Pseudomonas,1900,248-464,,,,
Pseudomonas,1901,280-360,,,,
Pseudomonas,1902,336-440,504-528,,,
Pseudomonas,1903,8-144,320-536,,,
Pseudomonas,1904,0-72,296-440,,,
Pseudomonas,1905,368-560,,,,
Pseudomonas,1906,24-32,192-304,448-512,,
Pseudomonas,1907,184-192,368-400,,,
Pseudomonas,1908,392-488,,,,
Pseudomonas,1909,192-440,,,,
Pseudomonas,1910,0-32,376-464,,,
Pseudomonas,1911,32-112,224-256,400-488,,
Pseudomonas,1912,224-480,,,,
Pseudomonas,1913,288-296,496-528,,,
Pseudomonas,1914,24-120,384-448,,,
Pseudomonas,1915,384-520,,,,
Pseudomonas,1916,144-184,312-560,,,
Pseudomonas,1917,0-16,384-424,,,
Pseudomonas,1918,0-128,216-344,392-464,,
Pseudomonas,1919,328-368,,,,
Pseudomonas,1920,376-424,,,,
Pseudomonas,1921,360-520,,,,
Pseudomonas,1922,72-96,264-424,,,
Pseudomonas,1923,328-456,,,,
Pseudomonas,1924,352-440,,,,
Pseudomonas,1925,408-464,,,,
Pseudomonas,1926,336-392,,,,
Pseudomonas,1927,352-424,,,,
Pseudomonas,1928,304-376,,,,
Pseudomonas,1929,80-256,392-464,,,
Pseudomonas,1930,0-40,248-280,464-544,,
Pseudomonas,1931,24-48,296-328,392-496,,
Pseudomonas,1932,48-64,312-408,,,
Pseudomonas,1933,0-72,400-560,,,
Pseudomonas,1934,384-560,,,,
Pseudomonas,1935,360-560,,,,
Pseudomonas,1936,152-200,,,,
Pseudomonas,1937,400-424,,,,
Pseudomonas,1938,216-272,384-440,,,
Pseudomonas,1939,184-216,536-552,,,
Pseudomonas,1940,,,,,
Pseudomonas,1941,304-504,,,,
Pseudomonas,1942,32-56,144-240,344-376,456-544,
Pseudomonas,1943,344-464,,,,
Pseudomonas,1944,496-560,,,,
Pseudomonas,1945,96-376,,,,
Pseudomonas,1946,24-504,,,,
Pseudomonas,1947,144-240,392-400,504-560,,
