organism,Seq,Positions,,,,
Strepto,1,160-192,368-464,,,
Strepto,2,0-112,328-496,,,
Strepto,3,104-320,408-448,,,
Strepto,4,208-320,496-560,,,
Strepto,5,64-184,248-328,488-528,,
Strepto,6,104-376,,,,
Strepto,7,152-232,360-424,,,
Strepto,8,0-16,464-512,,,
Strepto,9,144-256,400-488,,,
Strepto,10,0-72,360-456,,,
Strepto,11,344-408,,,,
Strepto,12,208-232,432-536,,,
Strepto,13,0-56,248-560,,,
Strepto,14,184-288,384-432,,,
Strepto,15,224-416,,,,
Strepto,16,0-72,200-272,344-544,,
Strepto,17,16-24,168-216,384-464,,
Strepto,18,344-416,,,,
Strepto,19,248-408,504-560,,,
Strepto,20,16-408,,,,
Strepto,21,352-472,,,,
Strepto,22,216-336,384-448,512-560,,
Strepto,23,0-112,200-272,320-424,520-544,
Strepto,24,400-520,,,,
Strepto,25,0-80,248-312,,,
Strepto,26,344-528,,,,
Strepto,27,0-128,528-552,,,
Strepto,28,296-392,528-560,,,
Strepto,29,240-560,,,,
Strepto,30,304-424,,,,
Strepto,31,280-456,520-560,,,
Strepto,32,296-440,,,,
Strepto,33,336-456,,,,
Strepto,34,280-504,,,,
Strepto,35,384-552,,,,
Strepto,36,344-400,,,,
Strepto,37,384-472,,,,
Strepto,38,,,,,
Strepto,39,136-152,352-472,,,
Strepto,40,0-80,392-456,,,
Strepto,41,136-288,368-424,,,
Strepto,42,264-408,,,,
Strepto,43,368-416,528-560,,,
Strepto,44,328-416,,,,
Strepto,45,352-440,,,,
Strepto,46,328-456,,,,
Strepto,47,240-280,400-544,,,
Strepto,48,328-488,,,,
Strepto,49,0-112,264-328,408-496,,
Strepto,50,352-536,,,,
Strepto,51,176-208,336-408,512-520,,
Strepto,52,72-128,360-560,,,
Strepto,53,352-416,,,,
Strepto,54,224-272,368-432,520-560,,
Strepto,55,288-440,,,,
Strepto,56,344-440,,,,
Strepto,57,288-504,,,,
Strepto,58,80-112,256-384,,,
Strepto,59,32-168,384-448,,,
Strepto,60,400-456,,,,
Strepto,61,8-112,288-368,440-528,,
Strepto,62,64-88,208-432,,,
Strepto,63,416-440,,,,
Strepto,64,216-560,,,,
Strepto,65,360-424,,,,
Strepto,66,104-160,344-408,496-544,,
Strepto,67,408-560,,,,
Strepto,68,368-448,,,,
Strepto,69,400-424,,,,
Strepto,70,280-336,496-560,,,
Strepto,71,296-432,,,,
Strepto,72,0-24,272-392,,,
Strepto,73,360-560,,,,
Strepto,74,368-416,,,,
Strepto,75,48-96,224-320,392-432,,
Strepto,76,56-104,328-448,,,
Strepto,77,272-440,,,,
Strepto,78,128-200,336-384,488-544,,
Strepto,79,192-288,400-440,,,
Strepto,80,120-256,432-488,,,
Strepto,81,16-56,112-200,320-376,464-560,
Strepto,82,328-560,,,,
Strepto,83,320-440,,,,
Strepto,84,16-64,224-232,432-528,,
Strepto,85,24-88,184-496,,,
Strepto,86,168-224,384-416,,,
Strepto,87,0-80,288-424,,,
Strepto,88,344-560,,,,
Strepto,89,344-472,,,,
Strepto,90,240-552,,,,
Strepto,91,128-472,,,,
Strepto,92,0-8,272-432,,,
Strepto,93,176-280,352-400,,,
Strepto,94,232-264,336-400,,,
Strepto,95,0-32,312-416,,,
Strepto,96,376-424,,,,
Strepto,97,240-312,376-416,480-544,,
Strepto,98,0-72,232-256,368-440,,
Strepto,99,232-256,352-432,,,
Strepto,100,280-528,,,,
Strepto,101,0-32,344-440,520-544,,
Strepto,102,296-408,,,,
Strepto,103,448-560,,,,
Strepto,104,144-192,232-328,464-512,,
Strepto,105,368-424,,,,
Strepto,106,280-424,,,,
Strepto,107,384-440,,,,
Strepto,108,0-80,128-136,312-512,528-552,
Strepto,109,0-56,360-448,536-544,,
Strepto,110,320-392,480-504,,,
Strepto,111,328-456,,,,
Strepto,112,392-552,,,,
Strepto,113,376-456,,,,
Strepto,114,224-408,,,,
Strepto,115,328-408,,,,
Strepto,116,40-136,264-504,,,
Strepto,117,304-360,408-512,,,
Strepto,118,344-408,,,,
Strepto,119,360-560,,,,
Strepto,120,264-304,520-560,,,
Strepto,121,296-464,528-536,,,
Strepto,122,48-88,224-320,392-560,,
Strepto,123,0-16,264-424,,,
Strepto,124,296-384,464-560,,,
Strepto,125,376-520,,,,
Strepto,126,152-208,344-376,,,
Strepto,127,184-416,,,,
Strepto,128,72-112,232-440,,,
Strepto,129,104-160,440-472,,,
Strepto,130,0-136,328-456,528-560,,
Strepto,131,0-48,272-488,,,
Strepto,132,440-480,,,,
Strepto,133,424-512,,,,
Strepto,134,272-416,,,,
Strepto,135,400-520,,,,
Strepto,136,216-344,,,,
Strepto,137,32-80,392-456,,,
Strepto,138,240-280,408-512,,,
Strepto,139,64-128,208-232,344-560,,
Strepto,140,312-424,,,,
Strepto,141,320-464,,,,
Strepto,142,160-256,488-496,,,
Strepto,143,368-408,464-552,,,
Strepto,144,368-472,,,,
Strepto,145,232-496,,,,
Strepto,146,144-200,304-504,,,
Strepto,147,112-160,456-496,,,
Strepto,148,480-528,,,,
Strepto,149,88-120,360-496,,,
Strepto,150,56-184,264-352,464-512,,
Strepto,151,208-264,360-424,512-552,,
Strepto,152,0-256,344-456,,,
Strepto,153,280-552,,,,
Strepto,154,200-432,,,,
Strepto,155,112-176,312-440,,,
Strepto,156,16-48,336-560,,,
Strepto,157,0-392,,,,
Strepto,158,168-240,400-480,512-552,,
Strepto,159,136-224,312-432,,,
Strepto,160,328-448,,,,
Strepto,161,336-456,,,,
Strepto,162,360-424,,,,
Strepto,163,352-544,,,,
Strepto,164,144-464,,,,
Strepto,165,56-224,,,,
Strepto,166,208-272,376-440,512-544,,
Strepto,167,0-8,,,,
Strepto,168,344-504,,,,
Strepto,169,144-552,,,,
Strepto,170,144-288,344-456,,,
Strepto,171,392-496,,,,
Strepto,172,24-80,176-216,504-544,,
Strepto,173,408-504,,,,
Strepto,174,0-104,264-472,,,
Strepto,175,240-448,,,,
Strepto,176,344-560,,,,
Strepto,177,0-104,368-560,,,
Strepto,178,280-408,504-536,,,
Strepto,179,168-184,280-560,,,
Strepto,180,248-488,,,,
Strepto,181,112-184,352-408,488-560,,
Strepto,182,176-352,,,,
Strepto,183,,,,,
Strepto,184,152-240,,,,
Strepto,185,408-416,448-472,,,
Strepto,186,88-136,360-464,,,
Strepto,187,376-464,,,,
Strepto,188,360-560,,,,
Strepto,189,128-296,440-504,,,
Strepto,190,,,,,
Strepto,191,328-376,496-560,,,
Strepto,192,288-312,384-424,504-544,,
Strepto,193,352-432,,,,
Strepto,194,32-112,392-544,,,
Strepto,195,296-480,,,,
Strepto,196,0-88,104-112,304-552,,
Strepto,197,200-400,,,,
Strepto,198,160-240,376-472,,,
Strepto,199,480-560,,,,
Strepto,200,352-544,,,,
Strepto,201,352-456,,,,
Strepto,202,16-72,392-448,,,
Strepto,203,216-272,344-456,,,
Strepto,204,40-392,,,,
Strepto,205,384-520,,,,
Strepto,206,320-400,,,,
Strepto,207,344-456,,,,
Strepto,208,120-304,,,,
Strepto,209,392-536,,,,
Strepto,210,32-104,216-272,424-512,,
Strepto,211,32-240,384-424,,,
Strepto,212,0-8,264-424,,,
Strepto,213,368-560,,,,
Strepto,214,0-56,336-560,,,
Strepto,215,400-552,,,,
Strepto,216,384-496,,,,
Strepto,217,0-8,88-112,368-464,,
Strepto,218,320-504,,,,
Strepto,219,288-328,,,,
Strepto,220,136-144,352-416,,,
Strepto,221,152-232,328-560,,,
Strepto,222,416-448,,,,
Strepto,223,40-104,368-440,,,
Strepto,224,0-16,344-392,,,
Strepto,225,208-440,,,,
Strepto,226,24-64,448-544,,,
Strepto,227,96-432,,,,
Strepto,228,80-208,312-352,400-504,,
Strepto,229,176-224,336-480,,,
Strepto,230,88-376,,,,
Strepto,231,0-392,,,,
Strepto,232,368-560,,,,
Strepto,233,48-56,,,,
Strepto,234,120-296,392-528,,,
Strepto,235,0-112,344-440,,,
Strepto,236,424-536,,,,
Strepto,237,288-432,,,,
Strepto,238,304-472,,,,
Strepto,239,0-40,104-184,,,
Strepto,240,208-440,,,,
Strepto,241,248-408,,,,
Strepto,242,64-144,264-304,368-552,,
Strepto,243,320-424,,,,
Strepto,244,280-384,472-512,,,
Strepto,245,272-328,400-504,,,
Strepto,246,24-280,432-560,,,
Strepto,247,24-192,368-512,,,
Strepto,248,336-544,,,,
Strepto,249,0-64,232-280,360-440,,
Strepto,250,368-448,,,,
Strepto,251,128-152,360-448,,,
Strepto,252,8-200,248-328,392-440,,
Strepto,253,288-312,400-424,,,
Strepto,254,264-320,432-528,,,
Strepto,255,320-424,440-448,504-544,,
Strepto,256,256-488,,,,
Strepto,257,0-16,304-560,,,
Strepto,258,112-240,312-400,488-552,,
Strepto,259,256-456,,,,
Strepto,260,72-112,240-560,,,
Strepto,261,0-40,224-240,360-424,,
Strepto,262,288-504,,,,
Strepto,263,352-392,480-536,,,
Strepto,264,0-312,384-432,512-560,,
Strepto,265,0-16,112-168,280-544,,
Strepto,266,0-8,224-320,408-496,,
Strepto,267,352-536,,,,
Strepto,268,0-128,368-424,,,
Strepto,269,32-112,360-512,,,
Strepto,270,368-408,,,,
Strepto,271,0-40,216-416,,,
Strepto,272,24-56,368-560,,,
Strepto,273,72-136,224-264,368-448,,
Strepto,274,224-440,520-552,,,
Strepto,275,272-496,,,,
Strepto,276,336-424,,,,
Strepto,277,264-504,,,,
Strepto,278,296-464,,,,
Strepto,279,400-552,,,,
Strepto,280,344-424,504-552,,,
Strepto,281,200-232,304-392,,,
Strepto,282,312-464,,,,
Strepto,283,232-560,,,,
Strepto,284,200-256,312-424,440-464,496-560,
Strepto,285,376-400,464-528,,,
Strepto,286,384-464,,,,
Strepto,287,120-200,384-480,,,
Strepto,288,320-448,,,,
Strepto,289,376-448,,,,
Strepto,290,320-560,,,,
Strepto,291,192-464,,,,
Strepto,292,80-200,336-560,,,
Strepto,293,360-464,,,,
Strepto,294,152-296,,,,
Strepto,295,328-464,,,,
Strepto,296,288-472,,,,
Strepto,297,208-528,,,,
Strepto,298,72-376,,,,
Strepto,299,184-216,408-424,,,
Strepto,300,32-96,168-224,480-536,,
Strepto,301,0-64,264-288,392-424,,
Strepto,302,312-472,,,,
Strepto,303,328-400,,,,
Strepto,304,0-24,152-280,392-448,,
Strepto,305,160-264,320-552,,,
Strepto,306,336-560,,,,
Strepto,307,0-80,352-504,,,
Strepto,308,216-280,344-416,,,
Strepto,309,296-448,,,,
Strepto,310,320-400,,,,
Strepto,311,72-560,,,,
Strepto,312,328-560,,,,
Strepto,313,96-160,288-368,,,
Strepto,314,168-216,280-424,,,
Strepto,315,184-408,,,,
Strepto,316,32-104,368-432,,,
Strepto,317,200-256,352-384,,,
Strepto,318,0-8,400-536,,,
Strepto,319,0-64,288-560,,,
Strepto,320,344-560,,,,
Strepto,321,0-88,344-472,,,
Strepto,322,352-392,,,,
Strepto,323,168-440,,,,
Strepto,324,16-296,456-480,,,
Strepto,325,56-136,176-248,320-392,,
Strepto,326,232-528,,,,
Strepto,327,304-496,,,,
Strepto,328,152-240,384-488,,,
Strepto,329,280-496,,,,
Strepto,330,312-384,,,,
Strepto,331,280-440,,,,
Strepto,332,48-96,352-448,496-560,,
Strepto,333,272-560,,,,
Strepto,334,200-224,288-424,,,
Strepto,335,200-320,352-448,,,
Strepto,336,368-496,,,,
Strepto,337,0-32,336-424,504-560,,
Strepto,338,0-232,336-488,,,
Strepto,339,,,,,
Strepto,340,344-368,488-560,,,
Strepto,341,192-560,,,,
Strepto,342,320-560,,,,
Strepto,343,0-464,,,,
Strepto,344,176-208,384-560,,,
Strepto,345,336-560,,,,
Strepto,346,0-40,128-256,352-560,,
Strepto,347,368-520,,,,
Strepto,348,256-520,,,,
Strepto,349,144-168,264-560,,,
Strepto,350,272-432,,,,
Strepto,351,304-552,,,,
Strepto,352,112-160,304-560,,,
Strepto,353,280-448,,,,
Strepto,354,184-240,384-464,,,
Strepto,355,368-400,,,,
Strepto,356,336-552,,,,
Strepto,357,312-416,,,,
Strepto,358,200-304,392-432,,,
Strepto,359,0-224,376-560,,,
Strepto,360,312-528,,,,
Strepto,361,0-488,,,,
Strepto,362,224-248,424-456,,,
Strepto,363,224-400,,,,
Strepto,364,40-64,392-560,,,
Strepto,365,232-272,456-560,,,
Strepto,366,56-152,480-560,,,
Strepto,367,0-8,408-552,,,
Strepto,368,440-472,,,,
Strepto,369,312-464,,,,
Strepto,370,240-288,336-400,,,
Strepto,371,64-224,336-464,,,
Strepto,372,48-208,392-512,,,
Strepto,373,8-128,408-560,,,
Strepto,374,0-480,,,,
Strepto,375,224-416,,,,
Strepto,376,392-544,,,,
Strepto,377,0-32,304-456,,,
Strepto,378,392-448,,,,
Strepto,379,0-24,88-184,272-392,464-504,
Strepto,380,216-264,336-456,,,
Strepto,381,24-56,384-456,536-544,,
Strepto,382,312-464,,,,
Strepto,383,32-160,504-560,,,
Strepto,384,280-368,,,,
Strepto,385,0-48,400-528,,,
Strepto,386,248-448,,,,
Strepto,387,0-8,328-480,512-528,,
Strepto,388,336-368,,,,
Strepto,389,0-144,232-384,,,
Strepto,390,224-288,384-432,496-560,,
Strepto,391,264-328,536-552,,,
Strepto,392,424-480,,,,
Strepto,393,240-328,,,,
Strepto,394,360-472,,,,
Strepto,395,160-456,,,,
Strepto,396,304-496,,,,
Strepto,397,0-112,416-456,,,
Strepto,398,264-520,,,,
Strepto,399,40-136,200-448,,,
Strepto,400,336-488,,,,
Strepto,401,0-24,304-504,,,
Strepto,402,136-224,,,,
Strepto,403,416-480,,,,
Strepto,404,312-408,,,,
Strepto,405,160-408,,,,
Strepto,406,0-168,472-528,,,
Strepto,407,160-200,312-552,,,
Strepto,408,0-256,336-400,528-544,,
Strepto,409,296-320,488-528,,,
Strepto,410,296-400,,,,
Strepto,411,144-184,280-424,,,
Strepto,412,480-560,,,,
Strepto,413,0-112,384-440,,,
Strepto,414,72-120,408-424,,,
Strepto,415,232-448,,,,
Strepto,416,424-480,,,,
Strepto,417,120-528,,,,
Strepto,418,360-408,,,,
Strepto,419,344-432,,,,
Strepto,420,392-480,,,,
Strepto,421,0-88,344-456,,,
Strepto,422,336-560,,,,
Strepto,423,304-464,,,,
Strepto,424,224-456,,,,
Strepto,425,320-408,,,,
Strepto,426,352-496,,,,
Strepto,427,256-480,,,,
Strepto,428,80-200,416-560,,,
Strepto,429,360-408,,,,
Strepto,430,40-120,192-248,456-544,,
Strepto,431,344-408,,,,
Strepto,432,,,,,
Strepto,433,80-152,384-456,,,
Strepto,434,384-416,,,,
Strepto,435,224-512,,,,
Strepto,436,312-376,,,,
Strepto,437,400-560,,,,
Strepto,438,176-304,392-536,,,
Strepto,439,232-440,,,,
Strepto,440,0-224,368-416,,,
Strepto,441,232-472,,,,
Strepto,442,104-224,304-552,,,
Strepto,443,0-256,344-424,,,
Strepto,444,8-24,224-328,,,
Strepto,445,280-472,,,,
Strepto,446,0-72,384-488,,,
Strepto,447,0-544,,,,
Strepto,448,96-304,,,,
Strepto,449,256-408,,,,
Strepto,450,112-224,344-408,,,
Strepto,451,256-400,,,,
Strepto,452,16-24,56-256,328-376,,
Strepto,453,8-56,208-488,,,
Strepto,454,200-272,376-408,424-432,,
Strepto,455,136-152,304-496,,,
Strepto,456,304-328,392-416,488-552,,
Strepto,457,72-128,256-376,392-552,,
Strepto,458,32-72,376-544,,,
Strepto,459,168-224,312-464,,,
Strepto,460,176-472,,,,
Strepto,461,376-408,,,,
Strepto,462,352-464,,,,
Strepto,463,304-560,,,,
Strepto,464,0-184,344-424,,,
Strepto,465,312-496,,,,
Strepto,466,56-160,376-512,,,
Strepto,467,8-64,320-416,,,
Strepto,468,0-40,328-560,,,
Strepto,469,424-560,,,,
Strepto,470,408-464,,,,
Strepto,471,,,,,
Strepto,472,112-456,,,,
Strepto,473,136-264,408-432,,,
Strepto,474,208-232,336-560,,,
Strepto,475,80-216,304-488,,,
Strepto,476,248-512,,,,
Strepto,477,352-392,528-560,,,
Strepto,478,56-128,296-560,,,
Strepto,479,0-88,200-560,,,
Strepto,480,328-424,,,,
Strepto,481,168-216,344-392,,,
Strepto,482,88-112,280-504,,,
Strepto,483,0-24,104-136,240-464,,
Strepto,484,192-232,440-560,,,
Strepto,485,96-128,344-464,,,
Strepto,486,176-232,488-520,,,
Strepto,487,128-192,336-432,,,
Strepto,488,40-264,344-416,,,
Strepto,489,296-352,,,,
Strepto,490,0-8,376-416,488-560,,
Strepto,491,168-560,,,,
Strepto,492,264-544,,,,
Strepto,493,136-256,352-512,,,
Strepto,494,0-48,376-440,,,
Strepto,495,176-288,384-408,,,
Strepto,496,336-416,480-512,,,
Strepto,497,32-88,160-208,384-440,,
Strepto,498,56-96,152-208,328-560,,
Strepto,499,408-560,,,,
Strepto,500,320-464,,,,
Strepto,501,368-416,,,,
Strepto,502,0-112,392-432,,,
Strepto,503,336-448,,,,
Strepto,504,216-408,,,,
Strepto,505,32-64,256-480,,,
Strepto,506,0-8,320-480,,,
Strepto,507,0-120,232-384,528-552,,
Strepto,508,176-280,376-408,,,
Strepto,509,248-288,376-408,,,
Strepto,510,320-424,,,,
Strepto,511,264-392,,,,
Strepto,512,360-512,,,,
Strepto,513,72-192,264-536,,,
Strepto,514,120-224,320-528,,,
Strepto,515,128-200,376-424,,,
Strepto,516,104-168,344-504,,,
Strepto,517,40-144,224-560,,,
Strepto,518,16-80,152-280,520-560,,
Strepto,519,376-552,,,,
Strepto,520,0-280,344-408,,,
Strepto,521,352-560,,,,
Strepto,522,328-560,,,,
Strepto,523,40-168,248-360,480-520,,
Strepto,524,352-464,,,,
Strepto,525,320-464,,,,
Strepto,526,72-168,,,,
Strepto,527,320-472,,,,
Strepto,528,224-264,352-424,,,
Strepto,529,192-400,,,,
Strepto,530,448-528,,,,
Strepto,531,392-448,,,,
Strepto,532,0-96,184-456,,,
Strepto,533,264-520,,,,
Strepto,534,264-424,,,,
Strepto,535,352-560,,,,
Strepto,536,392-448,,,,
Strepto,537,336-456,,,,
Strepto,538,224-560,,,,
Strepto,539,344-376,472-512,,,
Strepto,540,176-200,352-424,,,
Strepto,541,376-408,472-528,,,
Strepto,542,280-392,464-496,,,
Strepto,543,0-24,248-304,376-432,,
Strepto,544,280-544,,,,
Strepto,545,312-400,,,,
Strepto,546,0-152,256-488,,,
Strepto,547,192-448,,,,
Strepto,548,312-368,,,,
Strepto,549,200-528,,,,
Strepto,550,304-560,,,,
Strepto,551,296-464,,,,
Strepto,552,400-552,,,,
Strepto,553,160-240,336-400,,,
Strepto,554,264-424,512-560,,,
Strepto,555,360-560,,,,
Strepto,556,256-560,,,,
Strepto,557,448-512,,,,
Strepto,558,56-256,376-448,,,
Strepto,559,336-536,,,,
Strepto,560,240-280,328-392,472-560,,
Strepto,561,112-256,376-456,,,
Strepto,562,344-432,,,,
Strepto,563,312-456,,,,
Strepto,564,248-304,472-520,,,
Strepto,565,400-464,,,,
Strepto,566,456-504,,,,
Strepto,567,152-192,328-424,,,
Strepto,568,0-40,432-512,,,
Strepto,569,0-56,112-120,488-520,,
Strepto,570,336-496,,,,
Strepto,571,40-96,328-512,,,
Strepto,572,136-176,296-432,,,
Strepto,573,0-96,232-392,496-560,,
Strepto,574,0-64,336-560,,,
Strepto,575,0-208,392-560,,,
Strepto,576,328-416,,,,
Strepto,577,72-112,416-504,,,
Strepto,578,344-400,504-544,,,
Strepto,579,152-192,296-408,,,
Strepto,580,0-144,368-400,,,
Strepto,581,48-72,336-472,,,
Strepto,582,272-528,,,,
Strepto,583,0-32,128-432,,,
Strepto,584,0-560,,,,
Strepto,585,264-488,,,,
Strepto,586,464-560,,,,
Strepto,587,280-528,,,,
Strepto,588,464-560,,,,
Strepto,589,8-368,,,,
Strepto,590,0-32,96-336,464-536,,
Strepto,591,40-72,208-384,,,
Strepto,592,336-464,,,,
Strepto,593,312-456,,,,
Strepto,594,312-560,,,,
Strepto,595,48-184,312-432,,,
Strepto,596,368-416,,,,
Strepto,597,376-512,,,,
Strepto,598,360-560,,,,
Strepto,599,392-472,,,,
Strepto,600,152-176,288-424,,,
Strepto,601,344-440,,,,
Strepto,602,0-376,456-520,,,
Strepto,603,288-440,,,,
Strepto,604,368-536,,,,
Strepto,605,0-104,368-560,,,
Strepto,606,320-472,,,,
Strepto,607,184-208,320-408,464-496,,
Strepto,608,0-24,536-560,,,
Strepto,609,272-408,,,,
Strepto,610,288-520,,,,
Strepto,611,,,,,
Strepto,612,240-264,336-560,,,
Strepto,613,64-104,272-552,,,
Strepto,614,8-16,64-104,376-416,464-560,
Strepto,615,344-560,,,,
Strepto,616,120-176,328-552,,,
Strepto,617,,,,,
Strepto,618,152-192,272-432,,,
Strepto,619,0-32,320-520,,,
Strepto,620,336-504,,,,
Strepto,621,80-224,416-464,,,
Strepto,622,296-488,,,,
Strepto,623,352-488,,,,
Strepto,624,40-48,328-496,,,
Strepto,625,320-408,,,,
Strepto,626,128-152,264-560,,,
Strepto,627,176-208,344-536,,,
Strepto,628,328-400,,,,
Strepto,629,184-256,360-520,,,
Strepto,630,136-168,240-448,,,
Strepto,631,32-136,480-504,,,
Strepto,632,296-376,,,,
Strepto,633,200-360,,,,
Strepto,634,240-248,344-512,,,
Strepto,635,8-56,216-320,368-376,,
Strepto,636,200-424,,,,
Strepto,637,368-424,,,,
Strepto,638,48-64,384-424,,,
Strepto,639,384-440,528-560,,,
Strepto,640,56-312,,,,
Strepto,641,24-48,120-264,,,
Strepto,642,352-408,504-560,,,
Strepto,643,112-184,296-376,456-552,,
Strepto,644,88-96,272-432,504-560,,
Strepto,645,128-256,408-496,,,
Strepto,646,128-160,248-320,424-560,,
Strepto,647,312-408,528-560,,,
Strepto,648,0-48,456-536,,,
Strepto,649,0-176,408-560,,,
Strepto,650,0-240,304-432,,,
Strepto,651,424-456,,,,
Strepto,652,0-56,176-312,400-472,,
Strepto,653,136-168,328-464,,,
Strepto,654,152-448,,,,
Strepto,655,0-88,136-160,400-560,,
Strepto,656,32-88,232-376,,,
Strepto,657,352-528,,,,
Strepto,658,0-136,264-288,376-560,,
Strepto,659,256-336,,,,
Strepto,660,352-416,,,,
Strepto,661,112-168,344-432,,,
Strepto,662,0-136,392-560,,,
Strepto,663,0-200,488-560,,,
Strepto,664,224-560,,,,
Strepto,665,0-32,232-248,296-448,,
Strepto,666,376-408,,,,
Strepto,667,264-504,,,,
Strepto,668,0-16,304-504,,,
Strepto,669,0-264,376-488,,,
Strepto,670,112-160,256-400,472-512,,
Strepto,671,0-16,368-424,,,
Strepto,672,144-224,328-472,536-560,,
Strepto,673,336-560,,,,
Strepto,674,320-448,,,,
Strepto,675,296-480,,,,
Strepto,676,56-160,264-312,424-544,,
Strepto,677,232-256,392-488,,,
Strepto,678,224-272,,,,
Strepto,679,368-376,480-488,,,
Strepto,680,0-8,144-168,328-376,536-552,
Strepto,681,312-560,,,,
Strepto,682,344-560,,,,
Strepto,683,0-16,344-480,,,
Strepto,684,0-8,360-456,,,
Strepto,685,264-320,,,,
Strepto,686,32-184,368-416,504-536,,
Strepto,687,0-8,184-216,280-320,408-424,
Strepto,688,16-72,392-560,,,
Strepto,689,64-88,192-304,368-432,,
Strepto,690,272-424,,,,
Strepto,691,328-472,,,,
Strepto,692,24-32,184-208,312-392,,
Strepto,693,152-232,384-472,,,
Strepto,694,0-448,,,,
Strepto,695,0-312,,,,
Strepto,696,168-280,,,,
Strepto,697,424-560,,,,
Strepto,698,328-432,,,,
Strepto,699,216-424,,,,
Strepto,700,312-560,,,,
Strepto,701,368-464,,,,
Strepto,702,128-184,248-352,456-552,,
Strepto,703,416-496,,,,
Strepto,704,24-152,288-472,,,
Strepto,705,456-536,,,,
Strepto,706,320-424,,,,
Strepto,707,0-112,376-472,,,
Strepto,708,8-40,376-416,,,
Strepto,709,400-536,,,,
Strepto,710,376-488,,,,
Strepto,711,288-424,,,,
Strepto,712,264-320,416-552,,,
Strepto,713,328-400,,,,
Strepto,714,376-560,,,,
Strepto,715,160-424,,,,
Strepto,716,464-560,,,,
Strepto,717,304-456,,,,
Strepto,718,344-432,,,,
Strepto,719,24-40,360-512,,,
Strepto,720,272-408,,,,
Strepto,721,0-136,192-504,,,
Strepto,722,392-464,,,,
Strepto,723,104-160,360-448,,,
Strepto,724,352-432,,,,
Strepto,725,0-8,56-176,280-352,480-536,
Strepto,726,232-448,528-560,,,
Strepto,727,328-488,,,,
Strepto,728,224-312,360-368,,,
Strepto,729,,,,,
Strepto,730,360-456,,,,
Strepto,731,352-432,,,,
Strepto,732,176-296,392-424,,,
Strepto,733,240-272,472-520,,,
Strepto,734,208-424,,,,
Strepto,735,32-152,464-552,,,
Strepto,736,224-424,,,,
Strepto,737,0-120,272-304,,,
Strepto,738,48-208,264-432,,,
Strepto,739,424-552,,,,
Strepto,740,0-8,256-392,480-488,,
Strepto,741,32-72,208-504,,,
Strepto,742,264-496,,,,
Strepto,743,168-208,384-408,504-560,,
Strepto,744,0-80,200-264,392-520,,
Strepto,745,256-384,,,,
Strepto,746,32-152,232-480,,,
Strepto,747,64-88,296-536,,,
Strepto,748,64-160,312-352,,,
Strepto,749,80-184,248-288,384-456,,
Strepto,750,0-16,304-448,,,
Strepto,751,248-504,,,,
Strepto,752,96-280,344-560,,,
Strepto,753,296-464,,,,
Strepto,754,328-544,,,,
Strepto,755,208-232,328-544,,,
Strepto,756,480-560,,,,
Strepto,757,528-544,,,,
Strepto,758,184-416,520-560,,,
Strepto,759,328-448,,,,
Strepto,760,216-384,448-488,,,
Strepto,761,176-392,488-560,,,
Strepto,762,312-400,,,,
Strepto,763,232-488,,,,
Strepto,764,160-416,,,,
Strepto,765,344-504,,,,
Strepto,766,0-16,296-336,432-560,,
Strepto,767,0-56,168-256,384-408,,
Strepto,768,96-112,272-456,,,
Strepto,769,320-448,504-544,,,
Strepto,770,184-400,,,,
Strepto,771,120-144,248-432,,,
Strepto,772,24-400,472-512,,,
Strepto,773,328-416,512-544,,,
Strepto,774,,,,,
Strepto,775,24-248,304-424,,,
Strepto,776,368-544,,,,
Strepto,777,0-16,88-312,432-472,,
Strepto,778,0-496,,,,
Strepto,779,64-96,296-456,,,
Strepto,780,328-392,,,,
Strepto,781,344-552,,,,
Strepto,782,56-168,352-408,,,
Strepto,783,0-208,344-376,,,
Strepto,784,504-560,,,,
Strepto,785,224-368,,,,
Strepto,786,64-352,368-408,,,
Strepto,787,392-560,,,,
Strepto,788,232-448,,,,
Strepto,789,328-464,,,,
Strepto,790,64-120,336-448,,,
Strepto,791,368-408,,,,
Strepto,792,232-256,280-456,,,
Strepto,793,320-368,528-560,,,
Strepto,794,352-536,,,,
Strepto,795,304-440,,,,
Strepto,796,152-296,,,,
Strepto,797,336-456,,,,
Strepto,798,0-40,200-240,392-472,536-560,
Strepto,799,96-176,288-352,384-536,,
Strepto,800,392-544,,,,
Strepto,801,376-560,,,,
Strepto,802,0-16,312-432,,,
Strepto,803,0-512,,,,
Strepto,804,320-448,,,,
Strepto,805,304-528,,,,
Strepto,806,0-8,152-216,344-400,,
Strepto,807,0-40,344-376,488-560,,
Strepto,808,272-488,,,,
Strepto,809,272-472,,,,
Strepto,810,120-192,328-384,,,
Strepto,811,344-552,,,,
Strepto,812,320-360,,,,
Strepto,813,296-560,,,,
Strepto,814,296-480,,,,
Strepto,815,160-384,,,,
Strepto,816,88-184,440-560,,,
Strepto,817,40-80,144-232,392-448,,
Strepto,818,304-472,,,,
Strepto,819,224-424,,,,
Strepto,820,88-160,296-416,496-560,,
Strepto,821,88-320,,,,
Strepto,822,304-504,,,,
Strepto,823,344-384,,,,
Strepto,824,104-408,,,,
Strepto,825,200-384,,,,
Strepto,826,104-152,256-408,,,
Strepto,827,272-496,,,,
Strepto,828,64-448,,,,
Strepto,829,360-480,512-528,,,
Strepto,830,136-248,360-480,,,
Strepto,831,216-488,,,,
Strepto,832,344-480,,,,
Strepto,833,0-8,,,,
Strepto,834,368-408,,,,
Strepto,835,0-120,360-472,,,
Strepto,836,360-472,,,,
Strepto,837,48-128,312-536,,,
Strepto,838,336-520,,,,
Strepto,839,0-80,440-560,,,
Strepto,840,48-176,352-432,528-544,,
Strepto,841,344-432,504-560,,,
Strepto,842,0-24,104-280,352-432,480-536,
Strepto,843,136-208,320-424,488-560,,
Strepto,844,248-296,408-456,,,
Strepto,845,400-560,,,,
Strepto,846,400-424,520-560,,,
Strepto,847,0-8,152-216,408-480,,
Strepto,848,368-432,,,,
Strepto,849,312-440,,,,
Strepto,850,80-192,248-280,408-432,,
Strepto,851,48-64,376-544,,,
Strepto,852,0-112,464-560,,,
Strepto,853,376-560,,,,
Strepto,854,32-216,400-480,,,
Strepto,855,0-224,288-432,,,
Strepto,856,264-464,,,,
Strepto,857,280-424,,,,
Strepto,858,288-560,,,,
Strepto,859,0-40,336-408,536-560,,
Strepto,860,136-192,304-384,496-552,,
Strepto,861,344-496,,,,
Strepto,862,320-400,,,,
Strepto,863,496-560,,,,
Strepto,864,288-400,472-536,,,
Strepto,865,0-112,256-328,392-504,,
Strepto,866,304-560,,,,
Strepto,867,160-296,392-424,,,
Strepto,868,536-560,,,,
Strepto,869,0-88,232-352,480-560,,
Strepto,870,352-432,,,,
Strepto,871,0-112,224-256,392-432,,
Strepto,872,24-56,368-552,,,
Strepto,873,256-448,,,,
Strepto,874,0-88,360-368,,,
Strepto,875,400-432,,,,
Strepto,876,288-384,432-456,,,
Strepto,877,32-176,384-552,,,
Strepto,878,56-168,,,,
Strepto,879,272-400,,,,
Strepto,880,48-192,256-296,392-448,,
Strepto,881,160-296,376-496,,,
Strepto,882,392-536,,,,
Strepto,883,8-56,248-480,,,
Strepto,884,0-144,256-344,408-472,,
Strepto,885,0-8,384-432,528-544,,
Strepto,886,296-360,504-552,,,
Strepto,887,264-344,,,,
Strepto,888,32-80,232-312,392-432,,
Strepto,889,480-560,,,,
Strepto,890,304-544,,,,
Strepto,891,312-464,,,,
Strepto,892,0-120,448-552,,,
Strepto,893,80-88,120-240,392-456,,
Strepto,894,64-104,192-304,400-504,,
Strepto,895,184-440,,,,
Strepto,896,32-72,376-440,,,
Strepto,897,320-560,,,,
Strepto,898,32-104,288-560,,,
Strepto,899,248-528,,,,
Strepto,900,240-512,,,,
Strepto,901,192-256,368-392,528-560,,
Strepto,902,56-96,352-560,,,
Strepto,903,80-120,400-456,,,
Strepto,904,312-560,,,,
Strepto,905,56-176,384-520,,,
Strepto,906,0-16,432-544,,,
Strepto,907,8-96,216-264,424-544,,
Strepto,908,264-440,,,,
Strepto,909,192-504,,,,
Strepto,910,232-280,,,,
Strepto,911,344-416,480-560,,,
Strepto,912,512-560,,,,
Strepto,913,288-400,,,,
Strepto,914,40-400,,,,
Strepto,915,352-424,,,,
Strepto,916,0-16,136-168,328-432,528-544,
Strepto,917,0-64,160-224,400-504,,
Strepto,918,320-400,,,,
Strepto,919,312-472,,,,
Strepto,920,392-432,536-544,,,
Strepto,921,288-520,,,,
Strepto,922,120-176,336-440,,,
Strepto,923,136-208,288-424,496-560,,
Strepto,924,8-40,232-448,,,
Strepto,925,72-136,200-256,432-560,,
Strepto,926,144-192,336-488,,,
Strepto,927,128-160,184-264,376-432,,
Strepto,928,104-176,256-416,,,
Strepto,929,120-264,472-560,,,
Strepto,930,0-88,320-360,504-560,,
Strepto,931,32-240,368-472,,,
Strepto,932,264-448,,,,
Strepto,933,296-480,,,,
Strepto,934,296-408,528-552,,,
Strepto,935,336-560,,,,
Strepto,936,344-440,,,,
Strepto,937,352-480,,,,
Strepto,938,40-112,392-496,,,
Strepto,939,0-8,216-400,504-560,,
Strepto,940,152-224,360-512,,,
Strepto,941,376-400,,,,
Strepto,942,0-48,120-160,320-440,,
Strepto,943,120-296,,,,
Strepto,944,88-120,368-496,,,
Strepto,945,168-528,,,,
Strepto,946,0-88,352-448,,,
Strepto,947,312-448,,,,
Strepto,948,368-400,,,,
Strepto,949,408-544,,,,
Strepto,950,0-128,440-560,,,
Strepto,951,184-440,,,,
Strepto,952,216-424,,,,
Strepto,953,328-424,,,,
Strepto,954,168-200,304-424,464-480,,
Strepto,955,0-64,216-464,,,
Strepto,956,344-464,,,,
Strepto,957,272-304,392-560,,,
Strepto,958,120-480,,,,
Strepto,959,192-240,320-400,,,
Strepto,960,368-560,,,,
Strepto,961,328-536,,,,
Strepto,962,152-184,248-400,,,
Strepto,963,352-520,,,,
Strepto,964,0-48,112-192,216-328,,
Strepto,965,384-480,,,,
Strepto,966,136-176,296-512,,,
Strepto,967,272-328,512-560,,,
Strepto,968,344-560,,,,
Strepto,969,64-176,264-544,,,
Strepto,970,360-480,,,,
Strepto,971,232-448,,,,
Strepto,972,360-480,,,,
Strepto,973,368-544,,,,
Strepto,974,0-48,,,,
Strepto,975,0-192,256-440,,,
Strepto,976,160-184,376-560,,,
Strepto,977,224-424,,,,
Strepto,978,232-448,,,,
Strepto,979,424-520,,,,
Strepto,980,136-168,264-472,,,
Strepto,981,344-560,,,,
Strepto,982,328-456,,,,
Strepto,983,264-448,,,,
Strepto,984,336-512,,,,
Strepto,985,0-280,360-448,,,
Strepto,986,416-504,,,,
Strepto,987,184-208,336-512,,,
Strepto,988,0-24,136-496,,,
Strepto,989,256-440,,,,
Strepto,990,168-208,296-464,536-552,,
Strepto,991,344-560,,,,
Strepto,992,376-440,,,,
Strepto,993,0-24,376-424,,,
Strepto,994,344-480,,,,
Strepto,995,0-96,312-440,,,
Strepto,996,0-200,344-552,,,
Strepto,997,240-312,392-448,,,
Strepto,998,0-208,392-456,,,
Strepto,999,344-448,,,,
Strepto,1000,400-544,,,,
Strepto,1001,304-488,,,,
Strepto,1002,48-304,392-416,,,
Strepto,1003,304-472,,,,
Strepto,1004,272-360,,,,
Strepto,1005,80-200,432-520,,,
Strepto,1006,368-416,504-560,,,
Strepto,1007,40-248,408-488,,,
Strepto,1008,336-432,,,,
Strepto,1009,336-416,,,,
Strepto,1010,384-416,,,,
Strepto,1011,0-80,408-528,,,
Strepto,1012,0-112,232-456,,,
Strepto,1013,192-256,384-408,,,
Strepto,1014,168-200,344-456,,,
Strepto,1015,160-200,344-360,456-480,,
Strepto,1016,104-176,256-520,,,
Strepto,1017,0-32,408-536,,,
Strepto,1018,336-536,,,,
Strepto,1019,112-136,216-560,,,
Strepto,1020,288-512,,,,
Strepto,1021,192-256,360-456,,,
Strepto,1022,264-560,,,,
Strepto,1023,384-520,,,,
Strepto,1024,192-232,336-448,,,
Strepto,1025,0-96,192-248,320-536,,
Strepto,1026,400-448,,,,
Strepto,1027,0-464,,,,
Strepto,1028,248-424,,,,
Strepto,1029,0-16,280-536,,,
Strepto,1030,,,,,
Strepto,1031,200-392,,,,
Strepto,1032,0-32,112-160,272-336,,
Strepto,1033,136-400,,,,
Strepto,1034,184-328,480-560,,,
Strepto,1035,88-208,288-520,,,
Strepto,1036,80-120,264-328,456-496,,
Strepto,1037,344-440,,,,
Strepto,1038,152-448,,,,
Strepto,1039,32-208,,,,
Strepto,1040,64-296,424-488,,,
Strepto,1041,64-168,336-512,,,
Strepto,1042,120-192,320-424,,,
Strepto,1043,0-72,224-280,,,
Strepto,1044,192-248,344-552,,,
Strepto,1045,384-472,,,,
Strepto,1046,392-488,,,,
Strepto,1047,216-376,,,,
Strepto,1048,0-56,232-344,424-560,,
Strepto,1049,8-96,400-480,,,
Strepto,1050,208-224,328-472,,,
Strepto,1051,320-424,,,,
Strepto,1052,144-240,392-464,,,
Strepto,1053,96-120,296-416,480-536,,
Strepto,1054,440-464,,,,
Strepto,1055,432-560,,,,
Strepto,1056,136-192,248-392,,,
Strepto,1057,304-424,,,,
Strepto,1058,48-136,352-416,528-544,,
Strepto,1059,376-560,,,,
Strepto,1060,296-408,,,,
Strepto,1061,64-104,464-560,,,
Strepto,1062,368-432,,,,
Strepto,1063,8-32,320-416,536-560,,
Strepto,1064,304-560,,,,
Strepto,1065,16-104,288-456,,,
Strepto,1066,288-296,344-408,536-560,,
Strepto,1067,408-560,,,,
Strepto,1068,480-560,,,,
Strepto,1069,448-480,,,,
Strepto,1070,88-152,264-312,408-560,,
Strepto,1071,312-552,,,,
Strepto,1072,0-64,232-296,408-560,,
Strepto,1073,0-40,424-536,,,
Strepto,1074,312-424,512-560,,,
Strepto,1075,0-128,368-440,,,
Strepto,1076,224-368,,,,
Strepto,1077,376-424,,,,
Strepto,1078,288-488,,,,
Strepto,1079,320-560,,,,
Strepto,1080,288-448,,,,
Strepto,1081,96-360,456-480,,,
Strepto,1082,312-392,,,,
Strepto,1083,304-432,536-560,,,
Strepto,1084,24-200,288-552,,,
Strepto,1085,40-64,240-304,400-496,,
Strepto,1086,0-40,208-528,,,
Strepto,1087,184-200,216-320,464-512,,
Strepto,1088,40-384,472-520,,,
Strepto,1089,296-408,,,,
Strepto,1090,0-72,,,,
Strepto,1091,296-496,,,,
Strepto,1092,208-248,336-432,528-560,,
Strepto,1093,200-424,504-560,,,
Strepto,1094,144-496,,,,
Strepto,1095,344-480,,,,
Strepto,1096,152-328,,,,
Strepto,1097,0-24,128-232,,,
Strepto,1098,352-384,456-560,,,
Strepto,1099,16-48,144-256,392-560,,
Strepto,1100,0-56,232-264,440-536,,
Strepto,1101,328-464,,,,
Strepto,1102,,,,,
Strepto,1103,520-544,,,,
Strepto,1104,360-472,,,,
Strepto,1105,200-304,,,,
Strepto,1106,472-560,,,,
Strepto,1107,136-168,304-464,,,
Strepto,1108,0-88,208-216,312-336,440-472,
Strepto,1109,256-352,424-544,,,
Strepto,1110,40-96,360-432,,,
Strepto,1111,440-544,,,,
Strepto,1112,112-184,408-560,,,
Strepto,1113,264-432,,,,
Strepto,1114,312-392,512-552,,,
Strepto,1115,160-184,320-392,,,
Strepto,1116,0-72,368-416,,,
Strepto,1117,40-64,240-296,408-536,,
Strepto,1118,0-64,432-552,,,
Strepto,1119,,,,,
Strepto,1120,360-440,,,,
Strepto,1121,160-416,496-528,,,
Strepto,1122,144-160,320-520,,,
Strepto,1123,376-480,,,,
Strepto,1124,392-432,,,,
Strepto,1125,288-424,528-560,,,
Strepto,1126,264-424,,,,
Strepto,1127,264-400,,,,
Strepto,1128,400-528,,,,
Strepto,1129,240-408,,,,
Strepto,1130,144-416,528-552,,,
Strepto,1131,232-344,,,,
Strepto,1132,,,,,
Strepto,1133,0-224,328-344,368-488,,
Strepto,1134,200-432,,,,
Strepto,1135,376-464,,,,
Strepto,1136,400-432,,,,
Strepto,1137,168-216,336-392,,,
Strepto,1138,264-480,,,,
Strepto,1139,0-48,392-464,,,
Strepto,1140,344-392,,,,
Strepto,1141,352-520,,,,
Strepto,1142,360-400,,,,
Strepto,1143,280-392,,,,
Strepto,1144,48-96,360-528,,,
Strepto,1145,448-496,,,,
Strepto,1146,368-488,,,,
Strepto,1147,40-80,176-216,344-400,,
Strepto,1148,352-416,,,,
Strepto,1149,296-464,,,,
Strepto,1150,0-64,160-184,376-552,,
Strepto,1151,216-544,,,,
Strepto,1152,336-560,,,,
Strepto,1153,0-80,184-208,400-472,,
Strepto,1154,376-560,,,,
Strepto,1155,0-40,280-472,,,
Strepto,1156,336-416,,,,
Strepto,1157,160-216,384-424,,,
Strepto,1158,192-304,408-440,,,
Strepto,1159,0-16,336-400,,,
Strepto,1160,528-552,,,,
Strepto,1161,0-16,160-288,408-464,,
Strepto,1162,160-472,,,,
Strepto,1163,224-256,320-424,,,
Strepto,1164,384-472,,,,
Strepto,1165,200-416,,,,
Strepto,1166,88-192,368-424,,,
Strepto,1167,24-400,464-560,,,
Strepto,1168,328-448,,,,
Strepto,1169,312-472,,,,
Strepto,1170,0-48,400-560,,,
Strepto,1171,144-304,408-560,,,
Strepto,1172,104-304,416-472,,,
Strepto,1173,480-560,,,,
Strepto,1174,48-80,408-488,,,
Strepto,1175,0-16,,,,
Strepto,1176,184-216,400-496,,,
Strepto,1177,8-40,320-544,,,
Strepto,1178,0-72,312-416,528-560,,
Strepto,1179,208-224,368-408,456-560,,
Strepto,1180,264-552,,,,
Strepto,1181,400-464,,,,
Strepto,1182,368-384,504-560,,,
Strepto,1183,8-16,240-456,,,
Strepto,1184,320-424,,,,
Strepto,1185,144-176,344-528,,,
Strepto,1186,120-168,352-408,,,
Strepto,1187,368-456,,,,
Strepto,1188,200-208,320-352,440-512,,
Strepto,1189,280-448,536-560,,,
Strepto,1190,0-40,344-512,,,
Strepto,1191,312-424,,,,
Strepto,1192,216-512,,,,
Strepto,1193,336-376,,,,
Strepto,1194,288-520,,,,
Strepto,1195,216-256,352-560,,,
Strepto,1196,136-184,312-552,,,
Strepto,1197,216-304,392-440,,,
Strepto,1198,200-232,336-496,,,
Strepto,1199,376-536,,,,
Strepto,1200,296-432,,,,
Strepto,1201,328-464,,,,
Strepto,1202,392-456,,,,
Strepto,1203,368-448,,,,
Strepto,1204,376-456,,,,
Strepto,1205,376-440,,,,
Strepto,1206,304-472,,,,
Strepto,1207,376-536,,,,
Strepto,1208,192-240,344-424,512-560,,
Strepto,1209,400-560,,,,
Strepto,1210,280-520,,,,
Strepto,1211,0-32,320-432,,,
Strepto,1212,80-136,256-408,,,
Strepto,1213,0-72,200-232,400-536,,
Strepto,1214,184-240,352-376,520-560,,
Strepto,1215,272-552,,,,
Strepto,1216,312-528,,,,
Strepto,1217,352-544,,,,
Strepto,1218,352-536,,,,
Strepto,1219,176-264,384-456,,,
Strepto,1220,112-232,304-560,,,
Strepto,1221,0-80,152-312,392-544,,
Strepto,1222,0-32,112-168,336-408,528-544,
Strepto,1223,256-328,416-496,,,
Strepto,1224,104-120,360-488,,,
Strepto,1225,264-440,,,,
Strepto,1226,280-480,,,,
Strepto,1227,0-8,216-440,,,
Strepto,1228,352-520,,,,
Strepto,1229,336-480,520-536,,,
Strepto,1230,56-96,512-560,,,
Strepto,1231,48-192,304-472,,,
Strepto,1232,416-472,,,,
Strepto,1233,240-456,,,,
Strepto,1234,,,,,
Strepto,1235,288-456,,,,
Strepto,1236,208-360,,,,
Strepto,1237,88-128,328-560,,,
Strepto,1238,424-496,,,,
Strepto,1239,120-176,344-488,,,
Strepto,1240,384-440,,,,
Strepto,1241,360-496,512-544,,,
Strepto,1242,360-448,,,,
Strepto,1243,264-320,528-560,,,
Strepto,1244,160-200,392-544,,,
Strepto,1245,264-432,,,,
Strepto,1246,248-296,,,,
Strepto,1247,64-176,272-304,392-448,,
Strepto,1248,320-504,,,,
Strepto,1249,80-120,272-448,,,
Strepto,1250,136-256,328-464,,,
Strepto,1251,0-56,272-424,,,
Strepto,1252,176-224,368-560,,,
Strepto,1253,224-288,400-544,,,
Strepto,1254,128-424,528-560,,,
Strepto,1255,64-104,336-376,448-560,,
Strepto,1256,304-400,512-560,,,
Strepto,1257,320-560,,,,
Strepto,1258,136-456,,,,
Strepto,1259,344-424,,,,
Strepto,1260,80-136,408-424,440-488,512-528,
Strepto,1261,200-552,,,,
Strepto,1262,,,,,
Strepto,1263,312-440,,,,
Strepto,1264,400-472,,,,
Strepto,1265,328-392,472-560,,,
Strepto,1266,80-128,232-280,352-480,,
Strepto,1267,0-64,464-560,,,
Strepto,1268,0-24,344-464,,,
Strepto,1269,352-400,504-560,,,
Strepto,1270,0-32,416-432,,,
Strepto,1271,384-488,,,,
Strepto,1272,232-472,,,,
Strepto,1273,352-560,,,,
Strepto,1274,184-256,344-544,,,
Strepto,1275,256-456,,,,
Strepto,1276,0-16,288-440,,,
Strepto,1277,8-72,120-168,256-480,,
Strepto,1278,0-48,400-552,,,
Strepto,1279,272-296,368-416,488-512,,
Strepto,1280,344-544,,,,
Strepto,1281,288-496,,,,
Strepto,1282,376-464,,,,
Strepto,1283,280-352,464-560,,,
Strepto,1284,312-424,,,,
Strepto,1285,104-200,400-440,472-560,,
Strepto,1286,288-528,,,,
Strepto,1287,0-208,392-432,,,
Strepto,1288,320-424,,,,
Strepto,1289,328-528,,,,
Strepto,1290,256-488,,,,
Strepto,1291,336-552,,,,
Strepto,1292,368-552,,,,
Strepto,1293,360-432,,,,
Strepto,1294,24-128,224-248,280-400,448-464,
Strepto,1295,328-488,,,,
Strepto,1296,200-288,,,,
Strepto,1297,360-472,,,,
Strepto,1298,0-8,120-192,368-464,,
Strepto,1299,360-392,,,,
Strepto,1300,304-400,,,,
Strepto,1301,368-560,,,,
Strepto,1302,0-152,344-488,,,
Strepto,1303,328-448,,,,
Strepto,1304,280-496,,,,
Strepto,1305,264-352,,,,
Strepto,1306,208-368,,,,
Strepto,1307,392-560,,,,
Strepto,1308,248-272,368-536,,,
Strepto,1309,112-232,416-552,,,
Strepto,1310,56-80,208-320,368-424,,
Strepto,1311,432-520,,,,
Strepto,1312,416-560,,,,
Strepto,1313,0-40,256-528,,,
Strepto,1314,400-472,528-544,,,
Strepto,1315,392-472,,,,
Strepto,1316,0-56,344-512,,,
Strepto,1317,200-256,344-520,,,
Strepto,1318,208-232,336-408,,,
Strepto,1319,392-416,,,,
Strepto,1320,16-24,152-432,,,
Strepto,1321,264-440,,,,
Strepto,1322,320-352,,,,
Strepto,1323,320-544,,,,
Strepto,1324,200-280,376-504,,,
Strepto,1325,48-232,344-552,,,
Strepto,1326,208-280,400-440,,,
Strepto,1327,216-320,408-448,,,
Strepto,1328,336-448,,,,
Strepto,1329,304-416,,,,
Strepto,1330,304-424,496-536,,,
Strepto,1331,176-352,,,,
Strepto,1332,48-184,352-408,536-560,,
Strepto,1333,120-464,,,,
Strepto,1334,,,,,
Strepto,1335,,,,,
Strepto,1336,368-536,,,,
Strepto,1337,232-280,360-552,,,
Strepto,1338,304-384,456-488,,,
Strepto,1339,0-184,400-560,,,
Strepto,1340,32-144,344-456,512-560,,
Strepto,1341,216-264,,,,
Strepto,1342,0-104,312-400,,,
Strepto,1343,376-560,,,,
Strepto,1344,24-120,184-192,360-408,,
Strepto,1345,0-24,320-384,472-552,,
Strepto,1346,80-504,,,,
Strepto,1347,160-184,376-408,,,
Strepto,1348,0-32,176-240,344-528,,
Strepto,1349,0-32,464-512,,,
Strepto,1350,280-472,520-536,,,
Strepto,1351,64-144,376-448,,,
Strepto,1352,,,,,
Strepto,1353,0-544,,,,
Strepto,1354,320-560,,,,
Strepto,1355,392-528,,,,
Strepto,1356,336-496,,,,
Strepto,1357,80-128,168-184,448-504,,
Strepto,1358,264-288,456-496,,,
Strepto,1359,208-408,,,,
Strepto,1360,88-112,264-280,392-472,,
Strepto,1361,376-552,,,,
Strepto,1362,176-264,392-496,,,
Strepto,1363,360-416,464-488,,,
Strepto,1364,256-536,,,,
Strepto,1365,304-440,,,,
Strepto,1366,0-120,272-320,432-560,,
Strepto,1367,176-280,536-560,,,
Strepto,1368,384-440,,,,
Strepto,1369,0-120,144-224,352-424,,
Strepto,1370,376-432,,,,
Strepto,1371,352-520,,,,
Strepto,1372,0-88,424-480,,,
Strepto,1373,304-560,,,,
Strepto,1374,,,,,
Strepto,1375,8-80,184-216,344-448,528-560,
Strepto,1376,0-72,288-464,536-560,,
Strepto,1377,120-480,,,,
Strepto,1378,328-432,536-560,,,
Strepto,1379,0-56,336-536,,,
Strepto,1380,0-40,224-264,352-456,,
Strepto,1381,368-560,,,,
Strepto,1382,16-168,240-344,408-504,,
Strepto,1383,88-232,352-376,440-488,,
Strepto,1384,24-56,344-432,536-544,,
Strepto,1385,160-184,416-560,,,
Strepto,1386,328-400,,,,
Strepto,1387,136-392,408-432,,,
Strepto,1388,280-384,,,,
Strepto,1389,128-184,320-472,,,
Strepto,1390,0-104,208-296,400-496,,
Strepto,1391,16-32,184-208,304-336,480-512,
Strepto,1392,0-32,144-456,,,
Strepto,1393,408-464,,,,
Strepto,1394,0-8,104-160,312-480,,
Strepto,1395,312-536,,,,
Strepto,1396,192-376,,,,
Strepto,1397,296-488,,,,
Strepto,1398,352-424,,,,
Strepto,1399,240-408,,,,
Strepto,1400,80-560,,,,
Strepto,1401,0-104,320-408,,,
Strepto,1402,80-336,536-560,,,
Strepto,1403,328-472,,,,
Strepto,1404,80-96,136-144,464-520,,
Strepto,1405,72-120,408-488,,,
Strepto,1406,424-456,,,,
Strepto,1407,376-416,,,,
Strepto,1408,0-56,184-232,328-560,,
Strepto,1409,128-152,224-344,440-512,,
Strepto,1410,264-472,,,,
Strepto,1411,48-160,,,,
Strepto,1412,304-544,,,,
Strepto,1413,184-536,,,,
Strepto,1414,40-160,376-504,,,
Strepto,1415,0-80,120-184,320-360,480-560,
Strepto,1416,416-440,,,,
Strepto,1417,232-312,,,,
Strepto,1418,288-400,472-552,,,
Strepto,1419,192-216,432-464,,,
Strepto,1420,272-560,,,,
Strepto,1421,184-216,344-496,,,
Strepto,1422,0-32,120-224,432-560,,
Strepto,1423,0-88,464-560,,,
Strepto,1424,96-552,,,,
Strepto,1425,112-144,360-456,,,
Strepto,1426,296-480,,,,
Strepto,1427,24-48,152-240,384-496,,
Strepto,1428,360-496,,,,
Strepto,1429,408-440,,,,
Strepto,1430,368-464,,,,
Strepto,1431,304-416,528-560,,,
Strepto,1432,352-456,528-552,,,
Strepto,1433,344-352,496-560,,,
Strepto,1434,120-168,440-560,,,
Strepto,1435,24-312,392-512,,,
Strepto,1436,360-448,512-544,,,
Strepto,1437,256-464,,,,
Strepto,1438,0-16,352-424,512-520,,
Strepto,1439,272-336,,,,
Strepto,1440,0-16,264-312,392-416,,
Strepto,1441,424-456,,,,
Strepto,1442,368-552,,,,
Strepto,1443,0-120,256-288,368-536,,
Strepto,1444,368-424,,,,
Strepto,1445,288-424,,,,
Strepto,1446,480-560,,,,
Strepto,1447,0-40,144-208,400-480,,
Strepto,1448,0-16,320-488,,,
Strepto,1449,40-304,408-448,,,
Strepto,1450,344-456,,,,
Strepto,1451,144-208,376-464,,,
Strepto,1452,112-456,528-560,,,
Strepto,1453,160-208,472-544,,,
Strepto,1454,288-536,,,,
Strepto,1455,120-344,480-520,,,
Strepto,1456,344-376,,,,
Strepto,1457,344-488,,,,
Strepto,1458,232-560,,,,
Strepto,1459,0-24,144-272,376-472,,
Strepto,1460,88-264,,,,
Strepto,1461,328-376,528-560,,,
Strepto,1462,248-272,376-504,,,
Strepto,1463,72-96,288-512,,,
Strepto,1464,240-288,352-408,,,
Strepto,1465,0-24,112-184,320-552,,
Strepto,1466,200-280,376-488,,,
Strepto,1467,280-504,528-536,,,
Strepto,1468,336-488,,,,
Strepto,1469,136-176,,,,
Strepto,1470,104-416,,,,
Strepto,1471,184-512,,,,
Strepto,1472,176-208,376-432,,,
Strepto,1473,0-64,208-352,456-560,,
Strepto,1474,336-416,,,,
Strepto,1475,320-440,,,,
Strepto,1476,0-16,32-336,440-520,,
Strepto,1477,392-560,,,,
Strepto,1478,216-304,376-448,,,
Strepto,1479,88-128,,,,
Strepto,1480,8-48,528-536,,,
Strepto,1481,136-400,496-512,,,
Strepto,1482,264-456,,,,
Strepto,1483,0-96,168-216,296-544,,
Strepto,1484,192-416,,,,
Strepto,1485,320-368,432-536,,,
Strepto,1486,304-392,440-560,,,
Strepto,1487,320-432,,,,
Strepto,1488,104-128,368-560,,,
Strepto,1489,0-96,264-512,,,
Strepto,1490,200-304,384-424,,,
Strepto,1491,40-88,400-456,528-544,,
Strepto,1492,240-536,,,,
Strepto,1493,0-24,272-424,496-536,,
Strepto,1494,88-104,328-552,,,
Strepto,1495,384-464,,,,
Strepto,1496,80-208,248-264,384-536,,
Strepto,1497,272-280,384-560,,,
Strepto,1498,0-176,400-496,,,
Strepto,1499,64-72,224-328,416-448,,
Strepto,1500,216-440,,,,
Strepto,1501,0-8,296-336,,,
Strepto,1502,384-536,,,,
Strepto,1503,0-48,208-296,392-432,,
Strepto,1504,168-312,328-552,,,
Strepto,1505,120-224,336-384,,,
Strepto,1506,160-208,392-432,,,
Strepto,1507,320-448,,,,
Strepto,1508,176-264,472-504,,,
Strepto,1509,232-392,480-560,,,
Strepto,1510,360-560,,,,
Strepto,1511,328-440,,,,
Strepto,1512,176-184,272-408,,,
Strepto,1513,280-416,,,,
Strepto,1514,288-528,,,,
Strepto,1515,0-16,176-384,,,
Strepto,1516,120-160,352-440,,,
Strepto,1517,64-344,408-480,,,
Strepto,1518,96-256,312-360,456-504,,
Strepto,1519,0-48,160-200,312-440,536-552,
Strepto,1520,248-472,,,,
Strepto,1521,472-560,,,,
Strepto,1522,208-304,,,,
Strepto,1523,264-416,536-544,,,
Strepto,1524,360-456,,,,
Strepto,1525,0-56,136-224,288-448,,
Strepto,1526,288-384,,,,
Strepto,1527,144-288,,,,
Strepto,1528,208-376,,,,
Strepto,1529,344-360,392-448,,,
Strepto,1530,112-160,376-400,,,
Strepto,1531,0-224,520-560,,,
Strepto,1532,400-480,,,,
Strepto,1533,280-424,,,,
Strepto,1534,8-32,104-232,280-552,,
Strepto,1535,16-48,128-168,248-264,416-512,
Strepto,1536,40-72,464-536,,,
Strepto,1537,368-440,,,,
Strepto,1538,360-448,,,,
Strepto,1539,104-368,448-496,,,
Strepto,1540,128-152,224-424,504-560,,
Strepto,1541,408-464,512-528,,,
Strepto,1542,336-408,,,,
Strepto,1543,0-32,392-464,,,
Strepto,1544,96-144,256-344,,,
Strepto,1545,0-8,336-432,,,
Strepto,1546,352-456,,,,
Strepto,1547,288-376,,,,
Strepto,1548,72-224,400-464,,,
Strepto,1549,64-96,344-560,,,
Strepto,1550,304-400,,,,
Strepto,1551,368-472,,,,
Strepto,1552,408-560,,,,
Strepto,1553,96-560,,,,
Strepto,1554,328-560,,,,
Strepto,1555,384-560,,,,
Strepto,1556,48-72,160-440,,,
Strepto,1557,128-168,328-488,,,
Strepto,1558,0-56,144-456,528-552,,
Strepto,1559,368-560,,,,
Strepto,1560,208-304,,,,
Strepto,1561,0-32,144-160,336-528,,
Strepto,1562,216-320,392-560,,,
Strepto,1563,32-248,344-416,,,
Strepto,1564,352-416,464-504,,,
Strepto,1565,328-408,464-496,,,
Strepto,1566,392-448,,,,
Strepto,1567,376-544,,,,
Strepto,1568,,,,,
Strepto,1569,304-440,520-560,,,
Strepto,1570,0-8,376-560,,,
Strepto,1571,0-104,200-264,400-560,,
Strepto,1572,0-72,392-432,,,
Strepto,1573,272-440,488-544,,,
Strepto,1574,424-512,,,,
Strepto,1575,304-528,,,,
Strepto,1576,216-352,,,,
Strepto,1577,408-560,,,,
Strepto,1578,8-80,184-248,440-448,464-560,
Strepto,1579,408-448,,,,
Strepto,1580,272-360,,,,
Strepto,1581,384-496,,,,
Strepto,1582,192-472,,,,
Strepto,1583,104-384,528-560,,,
Strepto,1584,264-552,,,,
Strepto,1585,392-536,,,,
Strepto,1586,480-528,,,,
Strepto,1587,264-552,,,,
Strepto,1588,0-40,280-496,,,
Strepto,1589,0-16,176-456,,,
Strepto,1590,216-280,,,,
Strepto,1591,0-16,360-440,,,
Strepto,1592,288-560,,,,
Strepto,1593,400-456,,,,
Strepto,1594,0-96,288-496,,,
Strepto,1595,216-560,,,,
Strepto,1596,376-488,,,,
Strepto,1597,176-432,528-536,,,
Strepto,1598,368-448,,,,
Strepto,1599,256-432,,,,
Strepto,1600,216-560,,,,
Strepto,1601,128-280,408-528,,,
Strepto,1602,96-136,448-560,,,
Strepto,1603,416-560,,,,
Strepto,1604,144-224,392-448,,,
Strepto,1605,328-392,,,,
Strepto,1606,312-496,,,,
Strepto,1607,232-408,,,,
Strepto,1608,184-400,488-560,,,
Strepto,1609,64-104,176-528,,,
Strepto,1610,0-192,328-488,,,
Strepto,1611,344-544,,,,
Strepto,1612,392-424,,,,
Strepto,1613,0-80,400-480,,,
Strepto,1614,144-200,376-512,,,
Strepto,1615,200-448,,,,
Strepto,1616,0-168,248-528,,,
Strepto,1617,,,,,
Strepto,1618,384-520,,,,
Strepto,1619,0-24,144-176,368-560,,
Strepto,1620,336-480,,,,
Strepto,1621,0-32,176-248,352-432,,
Strepto,1622,392-560,,,,
Strepto,1623,48-232,440-560,,,
Strepto,1624,96-144,304-560,,,
Strepto,1625,392-552,,,,
Strepto,1626,368-488,,,,
Strepto,1627,144-432,,,,
Strepto,1628,440-456,512-560,,,
Strepto,1629,48-88,160-528,,,
Strepto,1630,16-48,392-472,,,
Strepto,1631,0-168,448-560,,,
Strepto,1632,0-120,248-440,,,
Strepto,1633,320-560,,,,
Strepto,1634,72-152,168-176,392-488,,
Strepto,1635,344-352,,,,
Strepto,1636,0-168,256-536,,,
Strepto,1637,376-448,,,,
Strepto,1638,280-528,,,,
Strepto,1639,72-104,208-256,360-392,504-560,
Strepto,1640,256-488,,,,
Strepto,1641,160-376,,,,
Strepto,1642,40-80,160-248,376-448,,
Strepto,1643,0-16,152-200,272-416,,
Strepto,1644,0-48,208-296,392-520,,
Strepto,1645,376-456,,,,
Strepto,1646,0-72,280-304,424-560,,
Strepto,1647,0-104,232-288,352-552,,
Strepto,1648,104-296,,,,
Strepto,1649,144-192,416-560,,,
Strepto,1650,376-432,,,,
Strepto,1651,264-456,,,,
Strepto,1652,256-328,352-424,,,
Strepto,1653,288-560,,,,
Strepto,1654,256-352,440-536,,,
Strepto,1655,0-8,184-240,344-496,,
Strepto,1656,72-168,360-488,,,
Strepto,1657,0-168,280-520,,,
Strepto,1658,280-368,,,,
Strepto,1659,320-448,,,,
Strepto,1660,344-496,,,,
Strepto,1661,24-88,360-560,,,
Strepto,1662,200-248,,,,
Strepto,1663,0-24,288-336,,,
Strepto,1664,312-448,,,,
Strepto,1665,216-232,360-528,,,
Strepto,1666,328-352,480-528,,,
Strepto,1667,416-472,,,,
Strepto,1668,80-128,208-224,336-560,,
Strepto,1669,216-448,,,,
Strepto,1670,248-480,,,,
Strepto,1671,256-424,,,,
Strepto,1672,344-496,,,,
Strepto,1673,368-544,,,,
Strepto,1674,200-408,,,,
Strepto,1675,312-560,,,,
Strepto,1676,288-328,,,,
Strepto,1677,320-424,,,,
Strepto,1678,296-384,,,,
Strepto,1679,0-88,464-560,,,
Strepto,1680,312-528,,,,
Strepto,1681,304-384,,,,
Strepto,1682,312-344,408-480,,,
Strepto,1683,328-488,,,,
Strepto,1684,32-136,368-496,,,
Strepto,1685,408-432,,,,
Strepto,1686,144-168,416-440,,,
Strepto,1687,408-472,,,,
Strepto,1688,136-392,,,,
Strepto,1689,0-32,136-216,328-424,,
Strepto,1690,368-400,488-552,,,
Strepto,1691,8-64,376-528,,,
Strepto,1692,352-512,,,,
Strepto,1693,304-496,,,,
Strepto,1694,0-40,112-208,384-440,528-552,
Strepto,1695,336-560,,,,
Strepto,1696,376-408,,,,
Strepto,1697,152-192,408-496,,,
Strepto,1698,96-152,336-416,432-480,,
Strepto,1699,240-464,,,,
Strepto,1700,160-192,408-496,,,
Strepto,1701,408-480,,,,
Strepto,1702,192-248,352-560,,,
Strepto,1703,160-192,264-464,,,
Strepto,1704,328-544,,,,
Strepto,1705,264-448,,,,
Strepto,1706,368-456,,,,
Strepto,1707,288-312,392-520,,,
Strepto,1708,280-512,,,,
Strepto,1709,184-224,392-504,,,
Strepto,1710,8-56,376-560,,,
Strepto,1711,0-72,384-528,,,
Strepto,1712,336-360,480-552,,,
Strepto,1713,352-560,,,,
Strepto,1714,200-248,336-480,,,
Strepto,1715,416-440,,,,
Strepto,1716,0-16,280-448,,,
Strepto,1717,456-544,,,,
Strepto,1718,400-480,,,,
Strepto,1719,104-560,,,,
Strepto,1720,168-392,,,,
Strepto,1721,376-424,,,,
Strepto,1722,368-408,504-560,,,
Strepto,1723,80-88,240-264,352-408,,
Strepto,1724,272-376,440-528,,,
Strepto,1725,368-464,,,,
Strepto,1726,0-16,384-416,,,
Strepto,1727,0-16,520-560,,,
Strepto,1728,312-480,,,,
Strepto,1729,136-160,376-392,,,
Strepto,1730,144-216,368-536,,,
Strepto,1731,0-8,320-456,,,
Strepto,1732,384-560,,,,
Strepto,1733,264-392,,,,
Strepto,1734,88-112,232-496,528-536,,
Strepto,1735,96-160,248-320,376-488,,
Strepto,1736,32-104,368-432,504-544,,
Strepto,1737,0-112,208-280,408-512,528-552,
Strepto,1738,0-128,272-296,376-448,,
Strepto,1739,80-120,312-424,,,
Strepto,1740,248-520,,,,
Strepto,1741,152-456,,,,
Strepto,1742,8-72,216-272,400-544,,
Strepto,1743,360-560,,,,
Strepto,1744,0-240,448-536,,,
Strepto,1745,328-544,,,,
Strepto,1746,384-560,,,,
Strepto,1747,0-80,216-496,,,
Strepto,1748,200-432,,,,
Strepto,1749,0-32,192-504,,,
Strepto,1750,304-416,504-552,,,
Strepto,1751,312-408,520-560,,,
Strepto,1752,144-208,464-496,,,
Strepto,1753,56-200,256-288,360-424,,
Strepto,1754,232-496,,,,
Strepto,1755,16-48,336-472,,,
Strepto,1756,272-472,,,,
Strepto,1757,120-136,400-448,,,
Strepto,1758,0-184,408-432,,,
Strepto,1759,56-112,320-552,,,
Strepto,1760,248-288,376-560,,,
Strepto,1761,344-416,,,,
Strepto,1762,0-64,328-440,,,
Strepto,1763,200-280,384-440,,,
Strepto,1764,200-216,320-448,,,
Strepto,1765,296-552,,,,
Strepto,1766,112-136,,,,
Strepto,1767,0-16,192-248,344-560,,
Strepto,1768,472-536,,,,
Strepto,1769,264-512,,,,
Strepto,1770,400-552,,,,
Strepto,1771,0-168,320-560,,,
Strepto,1772,256-280,400-464,,,
Strepto,1773,320-472,,,,
Strepto,1774,184-232,376-432,,,
Strepto,1775,0-72,336-560,,,
Strepto,1776,192-320,384-560,,,
Strepto,1777,376-448,,,,
Strepto,1778,272-312,480-560,,,
Strepto,1779,296-480,,,,
Strepto,1780,0-72,184-208,408-552,,
Strepto,1781,0-40,416-528,,,
Strepto,1782,128-184,320-352,488-512,,
Strepto,1783,200-216,360-520,,,
Strepto,1784,0-48,184-448,,,
Strepto,1785,96-168,240-264,496-560,,
Strepto,1786,0-248,336-424,,,
Strepto,1787,136-160,264-296,,,
Strepto,1788,48-144,488-560,,,
Strepto,1789,80-336,392-456,,,
Strepto,1790,16-72,144-232,368-560,,
Strepto,1791,136-152,256-272,344-560,,
Strepto,1792,0-8,312-424,,,
Strepto,1793,0-72,360-512,,,
Strepto,1794,104-560,,,,
Strepto,1795,64-88,176-312,416-496,,
Strepto,1796,,,,,
Strepto,1797,120-200,264-560,,,
Strepto,1798,312-464,,,,
Strepto,1799,104-128,248-288,,,
Strepto,1800,128-440,528-560,,,
Strepto,1801,200-224,344-424,536-560,,
Strepto,1802,288-400,,,,
Strepto,1803,0-48,232-272,360-544,,
Strepto,1804,328-472,,,,
Strepto,1805,392-432,,,,
Strepto,1806,0-56,216-256,400-480,,
Strepto,1807,104-144,264-504,,,
Strepto,1808,160-184,328-480,,,
Strepto,1809,304-416,488-544,,,
Strepto,1810,296-448,,,,
Strepto,1811,0-272,,,,
Strepto,1812,304-480,,,,
Strepto,1813,280-560,,,,
Strepto,1814,208-216,328-536,,,
Strepto,1815,256-560,,,,
Strepto,1816,240-360,,,,
Strepto,1817,352-408,,,,
Strepto,1818,352-560,,,,
Strepto,1819,352-424,,,,
Strepto,1820,24-168,352-520,,,
Strepto,1821,0-16,304-432,,,
Strepto,1822,184-320,400-456,,,
Strepto,1823,272-456,,,,
Strepto,1824,96-192,288-512,,,
Strepto,1825,392-416,536-560,,,
Strepto,1826,96-152,224-544,,,
Strepto,1827,272-512,,,,
Strepto,1828,88-104,208-216,304-544,,
Strepto,1829,0-16,384-552,,,
Strepto,1830,256-560,,,,
Strepto,1831,240-312,400-528,,,
Strepto,1832,296-480,,,,
Strepto,1833,336-416,,,,
Strepto,1834,0-72,296-504,520-544,,
Strepto,1835,152-224,368-416,528-560,,
Strepto,1836,344-408,480-520,,,
Strepto,1837,312-480,,,,
Strepto,1838,0-80,224-264,368-384,400-520,
Strepto,1839,328-560,,,,
Strepto,1840,0-16,320-480,,,
Strepto,1841,168-392,456-488,,,
Strepto,1842,320-432,,,,
Strepto,1843,320-440,,,,
Strepto,1844,96-112,392-432,,,
Strepto,1845,176-520,,,,
Strepto,1846,192-440,,,,
Strepto,1847,8-16,360-560,,,
Strepto,1848,264-384,480-520,,,
Strepto,1849,336-440,,,,
Strepto,1850,64-88,272-320,440-512,,
Strepto,1851,384-464,,,,
Strepto,1852,192-520,,,,
Strepto,1853,48-160,272-448,,,
Strepto,1854,248-520,,,,
Strepto,1855,0-240,376-448,,,
Strepto,1856,8-64,376-560,,,
Strepto,1857,208-416,,,,
Strepto,1858,312-512,,,,
Strepto,1859,64-104,408-552,,,
Strepto,1860,192-272,,,,
Strepto,1861,160-288,480-560,,,
Strepto,1862,160-216,360-528,,,
Strepto,1863,0-464,,,,
Strepto,1864,288-328,384-392,480-560,,
Strepto,1865,208-552,,,,
Strepto,1866,312-408,496-504,,,
Strepto,1867,232-424,,,,
Strepto,1868,344-496,,,,
Strepto,1869,176-440,536-560,,,
Strepto,1870,376-472,520-560,,,
Strepto,1871,504-560,,,,
Strepto,1872,256-376,472-504,,,
Strepto,1873,16-184,512-536,,,
Strepto,1874,,,,,
Strepto,1875,112-200,,,,
Strepto,1876,0-312,384-440,528-560,,
Strepto,1877,,,,,
Strepto,1878,24-48,304-432,,,
Strepto,1879,248-440,,,,
Strepto,1880,232-288,488-504,,,
Strepto,1881,96-152,,,,
Strepto,1882,232-264,376-560,,,
Strepto,1883,40-432,,,,
Strepto,1884,208-272,328-480,,,
Strepto,1885,0-32,272-448,,,
Strepto,1886,272-376,,,,
Strepto,1887,344-448,496-560,,,
Strepto,1888,416-472,,,,
Strepto,1889,0-32,48-72,224-424,,
Strepto,1890,352-432,,,,
Strepto,1891,280-408,,,,
Strepto,1892,400-464,,,,
Strepto,1893,296-472,,,,
Strepto,1894,360-536,,,,
Strepto,1895,376-560,,,,
Strepto,1896,8-200,304-376,,,
Strepto,1897,288-424,536-560,,,
Strepto,1898,384-440,,,,
Strepto,1899,336-440,,,,
Strepto,1900,0-128,520-544,,,
Strepto,1901,344-432,,,,
Strepto,1902,88-216,336-472,,,
Strepto,1903,0-24,312-440,,,
Strepto,1904,96-256,472-560,,,
Strepto,1905,376-432,,,,
Strepto,1906,216-240,416-480,,,
Strepto,1907,288-400,472-528,,,
Strepto,1908,8-360,496-536,,,
Strepto,1909,48-88,304-432,480-528,,
Strepto,1910,64-304,472-560,,,
Strepto,1911,56-128,272-320,504-560,,
Strepto,1912,416-472,,,,
Strepto,1913,208-536,,,,
Strepto,1914,320-480,,,,
Strepto,1915,0-32,88-128,352-440,,
Strepto,1916,392-528,,,,
Strepto,1917,328-560,,,,
Strepto,1918,312-480,,,,
Strepto,1919,224-288,,,,
Strepto,1920,128-168,256-408,,,
Strepto,1921,368-504,,,,
Strepto,1922,0-336,,,,
Strepto,1923,328-520,,,,
Strepto,1924,264-440,536-560,,,
Strepto,1925,224-400,488-552,,,
Strepto,1926,248-352,456-536,,,
Strepto,1927,16-168,272-520,,,
Strepto,1928,0-128,152-176,272-312,480-504,
Strepto,1929,296-432,520-536,,,
Strepto,1930,0-16,176-216,368-496,,
Strepto,1931,336-552,,,,
Strepto,1932,240-272,432-560,,,
Strepto,1933,512-536,,,,
Strepto,1934,8-224,272-288,328-424,488-520,
Strepto,1935,104-128,304-384,,,
Strepto,1936,216-256,328-528,,,
Strepto,1937,160-480,,,,
Strepto,1938,192-456,,,,
Strepto,1939,328-432,528-552,,,
Strepto,1940,360-544,,,,
Strepto,1941,312-392,,,,
Strepto,1942,80-112,360-560,,,
Strepto,1943,16-56,128-472,512-544,,
Strepto,1944,24-72,344-440,,,
Strepto,1945,96-144,240-448,,,
Strepto,1946,248-280,448-552,,,
Strepto,1947,288-320,400-496,,,
Strepto,1948,160-200,264-272,288-304,360-448,
Strepto,1949,80-328,472-504,,,
Strepto,1950,,,,,
Strepto,1951,184-224,384-432,528-536,,
Strepto,1952,328-560,,,,
Strepto,1953,352-512,,,,
Strepto,1954,32-40,72-160,,,
Strepto,1955,,,,,
Strepto,1956,224-512,,,,
Strepto,1957,0-48,128-168,336-560,,
Strepto,1958,0-8,152-248,536-560,,
Strepto,1959,136-184,320-456,504-552,,
Strepto,1960,256-456,,,,
Strepto,1961,56-96,392-544,,,
Strepto,1962,288-424,,,,
Strepto,1963,88-560,,,,
Strepto,1964,0-64,328-384,456-480,,
Strepto,1965,0-40,184-232,408-528,,
Strepto,1966,80-312,400-560,,,
Strepto,1967,256-384,456-488,,,
Strepto,1968,312-560,,,,
Strepto,1969,168-440,,,,
Strepto,1970,240-328,352-360,,,
Strepto,1971,0-152,280-488,,,
Strepto,1972,88-120,400-472,,,
Strepto,1973,296-520,,,,
Strepto,1974,280-432,,,,
Strepto,1975,352-472,,,,
Strepto,1976,232-280,,,,
Strepto,1977,168-416,,,,
Strepto,1978,104-160,424-448,,,
Strepto,1979,248-336,432-560,,,
Strepto,1980,328-480,,,,
Strepto,1981,8-128,488-552,,,
Strepto,1982,376-472,,,,
Strepto,1983,264-304,480-544,,,
Strepto,1984,352-480,,,,
Strepto,1985,160-184,360-560,,,
Strepto,1986,24-56,272-464,,,
Strepto,1987,264-480,,,,
Strepto,1988,0-16,128-216,344-488,,
Strepto,1989,256-560,,,,
Strepto,1990,264-296,360-432,,,
Strepto,1991,48-88,184-288,520-560,,
Strepto,1992,160-184,232-392,,,
Strepto,1993,312-456,,,,
Strepto,1994,400-520,,,,
Strepto,1995,0-56,120-152,368-512,,
Strepto,1996,56-408,,,,
Strepto,1997,48-112,232-240,392-560,,
Strepto,1998,296-472,496-520,,,
Strepto,1999,264-512,,,,
Strepto,2000,168-208,232-560,,,
Strepto,2001,256-336,368-504,,,
Strepto,2002,384-496,,,,
Strepto,2003,232-264,456-560,,,
Strepto,2004,0-448,,,,
Strepto,2005,64-408,504-560,,,
Strepto,2006,208-328,408-488,,,
Strepto,2007,0-32,64-288,376-544,,
Strepto,2008,0-24,144-328,,,
Strepto,2009,72-152,352-512,,,
Strepto,2010,312-552,,,,
Strepto,2011,160-256,,,,
Strepto,2012,256-320,496-512,,,
Strepto,2013,24-64,152-184,280-456,,
Strepto,2014,424-552,,,,
Strepto,2015,56-72,280-512,,,
Strepto,2016,392-496,,,,
Strepto,2017,16-56,272-424,488-512,,
Strepto,2018,200-208,264-432,,,
Strepto,2019,120-144,288-432,,,
Strepto,2020,,,,,
Strepto,2021,112-160,280-352,,,
Strepto,2022,272-560,,,,
Strepto,2023,200-248,352-400,,,
Strepto,2024,0-24,352-544,,,
Strepto,2025,368-448,,,,
Strepto,2026,136-232,296-536,,,
Strepto,2027,0-384,488-544,,,
Strepto,2028,344-408,,,,
Strepto,2029,48-304,392-448,,,
Strepto,2030,80-288,368-440,,,
Strepto,2031,288-408,512-560,,,
Strepto,2032,0-272,416-472,,,
Strepto,2033,208-456,,,,
Strepto,2034,136-424,504-560,,,
Strepto,2035,0-72,224-240,400-560,,
Strepto,2036,40-112,336-560,,,
Strepto,2037,80-256,360-456,,,
Strepto,2038,16-64,216-264,312-360,432-464,
Strepto,2039,400-432,,,,
Strepto,2040,0-72,136-160,440-560,,
Strepto,2041,480-560,,,,
Strepto,2042,160-208,456-560,,,
Strepto,2043,0-128,416-480,,,
Strepto,2044,232-408,,,,
Strepto,2045,,,,,
Strepto,2046,0-32,360-456,528-560,,
Strepto,2047,248-296,424-504,,,
Strepto,2048,56-152,312-424,,,
Strepto,2049,0-128,280-312,400-480,,
Strepto,2050,0-136,480-512,,,
Strepto,2051,0-16,216-264,352-560,,
Strepto,2052,296-344,408-512,,,
Strepto,2053,232-264,320-512,,,
Strepto,2054,144-344,,,,
Strepto,2055,368-536,,,,
Strepto,2056,56-88,376-432,,,
Strepto,2057,88-264,480-560,,,
Strepto,2058,40-144,216-304,456-496,,
Strepto,2059,256-296,360-480,,,
Strepto,2060,272-368,,,,
Strepto,2061,0-112,208-232,312-528,,
Strepto,2062,320-448,,,,
Strepto,2063,184-416,456-560,,,
Strepto,2064,0-8,368-520,,,
Strepto,2065,0-32,136-288,,,
Strepto,2066,8-32,208-360,448-520,,
Strepto,2067,296-432,496-552,,,
Strepto,2068,424-552,,,,
Strepto,2069,0-80,208-248,464-560,,
Strepto,2070,176-440,,,,
Strepto,2071,288-488,,,,
Strepto,2072,0-8,328-480,,,
Strepto,2073,88-184,272-416,,,
Strepto,2074,336-560,,,,
Strepto,2075,112-136,368-560,,,
Strepto,2076,160-184,360-424,,,
Strepto,2077,296-496,,,,
Strepto,2078,56-88,336-560,,,
Strepto,2079,256-416,,,,
Strepto,2080,376-440,,,,
Strepto,2081,272-488,,,,
Strepto,2082,0-8,88-176,384-520,,
Strepto,2083,24-40,328-376,496-536,,
Strepto,2084,328-472,,,,
Strepto,2085,0-32,152-416,,,
Strepto,2086,352-408,,,,
Strepto,2087,0-88,408-552,,,
Strepto,2088,208-264,384-408,,,
Strepto,2089,328-424,,,,
Strepto,2090,240-272,376-440,,,
Strepto,2091,328-392,,,,
Strepto,2092,0-40,96-312,408-456,,
Strepto,2093,208-424,,,,
Strepto,2094,48-96,208-400,,,
Strepto,2095,312-560,,,,
Strepto,2096,344-496,,,,
Strepto,2097,224-432,,,,
Strepto,2098,408-496,,,,
Strepto,2099,328-488,,,,
Strepto,2100,320-504,,,,
Strepto,2101,280-536,,,,
Strepto,2102,304-432,,,,
Strepto,2103,320-440,,,,
Strepto,2104,8-152,216-464,,,
Strepto,2105,376-520,,,,
Strepto,2106,232-440,,,,
Strepto,2107,336-456,,,,
Strepto,2108,0-16,112-144,232-248,472-528,
Strepto,2109,192-256,,,,
Strepto,2110,176-400,,,,
Strepto,2111,176-520,,,,
Strepto,2112,152-240,336-512,,,
Strepto,2113,280-456,,,,
Strepto,2114,200-240,360-472,,,
Strepto,2115,224-272,376-432,,,
Strepto,2116,384-432,,,,
Strepto,2117,80-168,328-536,,,
Strepto,2118,104-144,232-424,,,
Strepto,2119,376-528,,,,
Strepto,2120,304-560,,,,
Strepto,2121,384-552,,,,
Strepto,2122,368-416,464-512,,,
Strepto,2123,24-56,296-304,320-456,,
Strepto,2124,0-64,384-488,,,
Strepto,2125,0-40,352-440,,,
Strepto,2126,400-456,,,,
Strepto,2127,160-256,408-560,,,
Strepto,2128,504-560,,,,
Strepto,2129,168-392,,,,
Strepto,2130,256-496,,,,
Strepto,2131,232-560,,,,
Strepto,2132,304-520,,,,
Strepto,2133,312-424,,,,
Strepto,2134,280-472,,,,
Strepto,2135,64-128,256-264,384-560,,
Strepto,2136,40-112,416-536,,,
Strepto,2137,0-64,200-272,408-472,,
Strepto,2138,0-8,384-464,,,
Strepto,2139,0-32,392-464,536-560,,
Strepto,2140,0-56,296-528,,,
Strepto,2141,344-512,,,,
Strepto,2142,168-456,,,,
Strepto,2143,56-96,272-456,,,
Strepto,2144,368-448,,,,
Strepto,2145,224-464,,,,
Strepto,2146,112-152,344-504,,,
Strepto,2147,360-440,472-552,,,
Strepto,2148,16-32,360-480,,,
Strepto,2149,24-48,304-552,,,
Strepto,2150,368-448,,,,
Strepto,2151,288-424,,,,
Strepto,2152,360-464,,,,
Strepto,2153,24-48,232-400,,,
Strepto,2154,296-456,,,,
Strepto,2155,216-248,312-440,,,
Strepto,2156,128-256,376-472,,,
Strepto,2157,40-88,376-512,,,
Strepto,2158,112-152,296-416,,,
Strepto,2159,96-352,,,,
Strepto,2160,152-192,,,,
Strepto,2161,240-312,392-560,,,
Strepto,2162,320-440,496-560,,,
Strepto,2163,264-408,,,,
Strepto,2164,48-88,344-400,,,
Strepto,2165,256-320,,,,
Strepto,2166,0-16,200-224,368-448,,
Strepto,2167,328-504,,,,
Strepto,2168,0-24,136-288,,,
Strepto,2169,56-304,408-488,,,
Strepto,2170,72-120,208-424,,,
Strepto,2171,24-56,120-248,408-432,,
Strepto,2172,112-384,,,,
Strepto,2173,136-160,376-472,,,
Strepto,2174,376-448,,,,
Strepto,2175,40-88,504-552,,,
Strepto,2176,416-480,,,,
Strepto,2177,168-248,408-496,,,
Strepto,2178,0-56,192-256,328-448,,
Strepto,2179,368-480,,,,
Strepto,2180,24-40,64-424,,,
Strepto,2181,0-128,256-520,,,
Strepto,2182,352-560,,,,
Strepto,2183,344-400,,,,
Strepto,2184,416-496,,,,
Strepto,2185,384-416,472-560,,,
Strepto,2186,8-56,168-240,392-520,536-544,
Strepto,2187,8-96,296-312,384-480,,
Strepto,2188,152-176,328-424,,,
Strepto,2189,72-112,384-560,,,
Strepto,2190,200-232,304-400,,,
Strepto,2191,120-560,,,,
Strepto,2192,0-40,400-560,,,
Strepto,2193,80-192,288-320,,,
Strepto,2194,48-96,304-552,,,
Strepto,2195,0-24,416-512,,,
Strepto,2196,40-72,200-272,360-560,,
Strepto,2197,136-384,448-480,,,
Strepto,2198,456-560,,,,
Strepto,2199,264-464,,,,
Strepto,2200,376-424,,,,
Strepto,2201,0-248,384-496,,,
Strepto,2202,160-288,416-512,,,
Strepto,2203,88-104,344-408,,,
Strepto,2204,352-560,,,,
Strepto,2205,224-512,,,,
Strepto,2206,384-520,,,,
Strepto,2207,288-336,,,,
Strepto,2208,304-376,448-528,,,
Strepto,2209,400-456,,,,
Strepto,2210,272-320,400-520,,,
Strepto,2211,376-560,,,,
Strepto,2212,280-504,,,,
Strepto,2213,272-560,,,,
Strepto,2214,192-280,392-480,,,
Strepto,2215,264-520,,,,
Strepto,2216,224-296,424-472,,,
Strepto,2217,32-104,272-560,,,
Strepto,2218,0-160,448-552,,,
Strepto,2219,368-440,,,,
Strepto,2220,208-256,360-560,,,
Strepto,2221,88-152,,,,
Strepto,2222,424-560,,,,
Strepto,2223,240-288,368-432,,,
Strepto,2224,0-32,376-536,,,
Strepto,2225,384-424,,,,
Strepto,2226,0-280,352-480,,,
Strepto,2227,336-512,,,,
Strepto,2228,32-144,280-472,,,
Strepto,2229,168-248,368-560,,,
Strepto,2230,8-32,344-512,,,
Strepto,2231,0-72,136-560,,,
Strepto,2232,272-448,,,,
Strepto,2233,304-344,504-512,,,
Strepto,2234,344-408,,,,
Strepto,2235,256-328,408-544,,,
Strepto,2236,112-152,368-528,,,
Strepto,2237,384-440,,,,
Strepto,2238,0-32,296-560,,,
Strepto,2239,128-216,448-512,,,
Strepto,2240,416-512,,,,
Strepto,2241,168-240,328-488,,,
Strepto,2242,336-440,,,,
Strepto,2243,352-536,,,,
Strepto,2244,144-176,392-416,,,
Strepto,2245,104-176,384-408,496-504,,
Strepto,2246,72-96,312-328,384-536,,
Strepto,2247,192-480,,,,
Strepto,2248,256-552,,,,
Strepto,2249,320-552,,,,
Strepto,2250,264-320,424-480,,,
Strepto,2251,72-208,,,,
Strepto,2252,368-464,496-560,,,
Strepto,2253,368-432,,,,
Strepto,2254,184-200,360-464,,,
Strepto,2255,0-8,216-240,256-264,376-464,528-560
Strepto,2256,264-480,,,,
Strepto,2257,0-248,368-464,,,
Strepto,2258,24-56,368-424,,,
Strepto,2259,296-432,,,,
Strepto,2260,192-328,,,,
Strepto,2261,0-72,224-464,,,
Strepto,2262,0-16,328-432,,,
Strepto,2263,0-560,,,,
Strepto,2264,0-16,320-528,,,
Strepto,2265,296-432,,,,
Strepto,2266,0-32,392-432,,,
